ManagementPackId,WorkflowId,WorkflowType,DisplayName,Description,OverrideParameterName,OverrideParameterType,DefaultValue,Test,QA,Production,Performance,Notes
Microsoft.Linux.Universal.Monitoring,Microsoft.Linux.Universal.OperatingSystem.TotalPercentIdleTime.Collection,Rule,Total Processor % Idle Time (Universal Linux),Collects the performance counter Processor\% Idle Time,Enabled,bool,TRUE,,,,,
Microsoft.Linux.Universal.Monitoring,Microsoft.Linux.Universal.OperatingSystem.TotalPercentIdleTime.Collection,Rule,Total Processor % Idle Time (Universal Linux),Collects the performance counter Processor\% Idle Time,Interval,int,300,900,600,300,120,
Microsoft.Linux.Universal.Monitoring,Microsoft.Linux.Universal.OperatingSystem.TotalPercentIdleTime.Collection,Rule,Total Processor % Idle Time (Universal Linux),Collects the performance counter Processor\% Idle Time,SyncTime,string,,,,,,
Microsoft.Linux.Universal.Monitoring,Microsoft.Linux.Universal.LogFile.Syslog.Root.SSHAuth.Password.Alert,Rule,Root Password SSH Authentication alert rule,Alert rule for detection of Root Password via SSH Authentication,Enabled,bool,FALSE,,,,,
Microsoft.Linux.Universal.Monitoring,Microsoft.Linux.Universal.LogFile.Syslog.Root.SSHAuth.Password.Alert,Rule,Root Password SSH Authentication alert rule,Alert rule for detection of Root Password via SSH Authentication,RegExpFilter,string,\s+sshd\[[[:digit:]]+\]: Accepted \S+ for root from \S+,,,,,
Microsoft.Linux.Universal.Monitoring,Microsoft.Linux.Universal.LogFile.Syslog.Root.SSHAuth.Password.Alert,Rule,Root Password SSH Authentication alert rule,Alert rule for detection of Root Password via SSH Authentication,Host,string,"$Target/Property[Type=""Unix!Microsoft.Unix.Computer""]/PrincipalName$",,,,,
Microsoft.Linux.Universal.Monitoring,Microsoft.Linux.Universal.LogFile.Syslog.Root.SSHAuth.Password.Alert,Rule,Root Password SSH Authentication alert rule,Alert rule for detection of Root Password via SSH Authentication,IndividualAlerts,bool,FALSE,,,,,
Microsoft.Linux.Universal.Monitoring,Microsoft.Linux.Universal.LogFile.Syslog.Root.SSHAuth.Password.Alert,Rule,Root Password SSH Authentication alert rule,Alert rule for detection of Root Password via SSH Authentication,LogFile,string,/var/log/secure,,,,,
Microsoft.Linux.Universal.Monitoring,Microsoft.Linux.Universal.LogFile.Syslog.Root.SSHAuth.Password.Alert,Rule,Root Password SSH Authentication alert rule,Alert rule for detection of Root Password via SSH Authentication,Severity,int,0,,,,,
Microsoft.Linux.Universal.Monitoring,Microsoft.Linux.Universal.LogFile.Syslog.Root.SSHAuth.Password.Alert,Rule,Root Password SSH Authentication alert rule,Alert rule for detection of Root Password via SSH Authentication,Priority,int,1,,,,,
Microsoft.Linux.Universal.Monitoring,Microsoft.Linux.Universal.PhysicalDisk.DiskBytesPerSecond.Collection,Rule,Physical Disk Bytes/sec (Universal Linux),Collection rule for the performance counter Physical Disk\Disk Bytes/sec,Enabled,bool,TRUE,,,,,
Microsoft.Linux.Universal.Monitoring,Microsoft.Linux.Universal.PhysicalDisk.DiskBytesPerSecond.Collection,Rule,Physical Disk Bytes/sec (Universal Linux),Collection rule for the performance counter Physical Disk\Disk Bytes/sec,Interval,int,300,900,600,300,120,
Microsoft.Linux.Universal.Monitoring,Microsoft.Linux.Universal.PhysicalDisk.DiskBytesPerSecond.Collection,Rule,Physical Disk Bytes/sec (Universal Linux),Collection rule for the performance counter Physical Disk\Disk Bytes/sec,SyncTime,string,,,,,,
Microsoft.Linux.Universal.Monitoring,Microsoft.Linux.Universal.PhysicalDisk.AverageDiskTransferTime.Collection,Rule,Avg. Disk sec/Transfer (Universal Linux),Collection rule for the performance counter Physical Disk\Avg. Disk sec/Transfer,Enabled,bool,TRUE,,,,,
Microsoft.Linux.Universal.Monitoring,Microsoft.Linux.Universal.PhysicalDisk.AverageDiskTransferTime.Collection,Rule,Avg. Disk sec/Transfer (Universal Linux),Collection rule for the performance counter Physical Disk\Avg. Disk sec/Transfer,Interval,int,300,900,600,300,120,
Microsoft.Linux.Universal.Monitoring,Microsoft.Linux.Universal.PhysicalDisk.AverageDiskTransferTime.Collection,Rule,Avg. Disk sec/Transfer (Universal Linux),Collection rule for the performance counter Physical Disk\Avg. Disk sec/Transfer,SyncTime,string,,,,,,
Microsoft.Linux.Universal.Monitoring,Microsoft.Linux.Universal.Processor.TotalPercentDPCTime.Collection,Rule,Processor % DPC Time (Universal Linux),Collects the performance counter Processor\% DPC Time,Enabled,bool,TRUE,,,,,
Microsoft.Linux.Universal.Monitoring,Microsoft.Linux.Universal.Processor.TotalPercentDPCTime.Collection,Rule,Processor % DPC Time (Universal Linux),Collects the performance counter Processor\% DPC Time,Interval,int,300,900,600,300,120,
Microsoft.Linux.Universal.Monitoring,Microsoft.Linux.Universal.Processor.TotalPercentDPCTime.Collection,Rule,Processor % DPC Time (Universal Linux),Collects the performance counter Processor\% DPC Time,SyncTime,string,,,,,,
Microsoft.Linux.Universal.Monitoring,Microsoft.Linux.Universal.LogicalDisk.DiskWriteBytesPerSecond.Collection,Rule,Disk Write Bytes/sec (Universal Linux),Collection rule for the performance counter Logical Disk\Disk Write Bytes/sec,Enabled,bool,TRUE,,,,,
Microsoft.Linux.Universal.Monitoring,Microsoft.Linux.Universal.LogicalDisk.DiskWriteBytesPerSecond.Collection,Rule,Disk Write Bytes/sec (Universal Linux),Collection rule for the performance counter Logical Disk\Disk Write Bytes/sec,Interval,int,300,900,600,300,120,
Microsoft.Linux.Universal.Monitoring,Microsoft.Linux.Universal.LogicalDisk.DiskWriteBytesPerSecond.Collection,Rule,Disk Write Bytes/sec (Universal Linux),Collection rule for the performance counter Logical Disk\Disk Write Bytes/sec,SyncTime,string,,,,,,
Microsoft.Linux.Universal.Monitoring,Microsoft.Linux.Universal.OperatingSystem.TotalPercentNiceTime.Collection,Rule,Total Processor % Nice Time (Universal Linux),Collects the performance counter Processor\% Nice Time,Enabled,bool,TRUE,,,,,
Microsoft.Linux.Universal.Monitoring,Microsoft.Linux.Universal.OperatingSystem.TotalPercentNiceTime.Collection,Rule,Total Processor % Nice Time (Universal Linux),Collects the performance counter Processor\% Nice Time,Interval,int,300,900,600,300,120,
Microsoft.Linux.Universal.Monitoring,Microsoft.Linux.Universal.OperatingSystem.TotalPercentNiceTime.Collection,Rule,Total Processor % Nice Time (Universal Linux),Collects the performance counter Processor\% Nice Time,SyncTime,string,,,,,,
Microsoft.Linux.Universal.Monitoring,Microsoft.Linux.Universal.OperatingSystem.PageReadsPerSecond.Collection,Rule,Page Reads/sec (Universal Linux),Collection rule for the performance counter Memory\Page Reads/sec,Enabled,bool,TRUE,,,,,
Microsoft.Linux.Universal.Monitoring,Microsoft.Linux.Universal.OperatingSystem.PageReadsPerSecond.Collection,Rule,Page Reads/sec (Universal Linux),Collection rule for the performance counter Memory\Page Reads/sec,Interval,int,300,900,600,300,120,
Microsoft.Linux.Universal.Monitoring,Microsoft.Linux.Universal.OperatingSystem.PageReadsPerSecond.Collection,Rule,Page Reads/sec (Universal Linux),Collection rule for the performance counter Memory\Page Reads/sec,SyncTime,string,,,,,,
Microsoft.Linux.Universal.Monitoring,Microsoft.Linux.Universal.LogFile.Syslog.SU.Command.Root.Success.Alert,Rule,SU Command Success alert rule,"Alert rule for successful ""SU to root command"" messages.",Enabled,bool,FALSE,,,,,
Microsoft.Linux.Universal.Monitoring,Microsoft.Linux.Universal.LogFile.Syslog.SU.Command.Root.Success.Alert,Rule,SU Command Success alert rule,"Alert rule for successful ""SU to root command"" messages.",RegExpFilter,string,\s+su: \S+\(\S+\): session opened for user root by \S+\(uid=[[:digit:]]+\),,,,,
Microsoft.Linux.Universal.Monitoring,Microsoft.Linux.Universal.LogFile.Syslog.SU.Command.Root.Success.Alert,Rule,SU Command Success alert rule,"Alert rule for successful ""SU to root command"" messages.",Host,string,"$Target/Property[Type=""Unix!Microsoft.Unix.Computer""]/PrincipalName$",,,,,
Microsoft.Linux.Universal.Monitoring,Microsoft.Linux.Universal.LogFile.Syslog.SU.Command.Root.Success.Alert,Rule,SU Command Success alert rule,"Alert rule for successful ""SU to root command"" messages.",IndividualAlerts,bool,FALSE,,,,,
Microsoft.Linux.Universal.Monitoring,Microsoft.Linux.Universal.LogFile.Syslog.SU.Command.Root.Success.Alert,Rule,SU Command Success alert rule,"Alert rule for successful ""SU to root command"" messages.",LogFile,string,/var/log/secure,,,,,
Microsoft.Linux.Universal.Monitoring,Microsoft.Linux.Universal.LogFile.Syslog.SU.Command.Root.Success.Alert,Rule,SU Command Success alert rule,"Alert rule for successful ""SU to root command"" messages.",Severity,int,0,,,,,
Microsoft.Linux.Universal.Monitoring,Microsoft.Linux.Universal.LogFile.Syslog.SU.Command.Root.Success.Alert,Rule,SU Command Success alert rule,"Alert rule for successful ""SU to root command"" messages.",Priority,int,1,,,,,
Microsoft.Linux.Universal.Monitoring,Microsoft.Linux.Universal.Processor.PercentIdleTime.Collection,Rule,Processor % Idle Time (Universal Linux),Collects the performance counter Processor\% Idle Time,Enabled,bool,TRUE,,,,,
Microsoft.Linux.Universal.Monitoring,Microsoft.Linux.Universal.Processor.PercentIdleTime.Collection,Rule,Processor % Idle Time (Universal Linux),Collects the performance counter Processor\% Idle Time,Interval,int,300,900,600,300,120,
Microsoft.Linux.Universal.Monitoring,Microsoft.Linux.Universal.Processor.PercentIdleTime.Collection,Rule,Processor % Idle Time (Universal Linux),Collects the performance counter Processor\% Idle Time,SyncTime,string,,,,,,
Microsoft.Linux.Universal.Monitoring,Microsoft.Linux.Universal.LogicalDisk.PercentFreeSpace.Collection,Rule,% Free Space (Universal Linux),Collection rule for the performance counter Logical Disk\% Free Space,Enabled,bool,FALSE,,,,,
Microsoft.Linux.Universal.Monitoring,Microsoft.Linux.Universal.LogicalDisk.PercentFreeSpace.Collection,Rule,% Free Space (Universal Linux),Collection rule for the performance counter Logical Disk\% Free Space,Interval,int,300,900,600,300,120,
Microsoft.Linux.Universal.Monitoring,Microsoft.Linux.Universal.LogicalDisk.PercentFreeSpace.Collection,Rule,% Free Space (Universal Linux),Collection rule for the performance counter Logical Disk\% Free Space,SyncTime,string,,,,,,
Microsoft.Linux.Universal.Monitoring,Microsoft.Linux.Universal.OperatingSystem.AvailableMBytesSwap.Collection,Rule,Available MBytes Swap (Universal Linux),Collection rule for the performance counter Swap Space\Available MBytes,Enabled,bool,TRUE,,,,,
Microsoft.Linux.Universal.Monitoring,Microsoft.Linux.Universal.OperatingSystem.AvailableMBytesSwap.Collection,Rule,Available MBytes Swap (Universal Linux),Collection rule for the performance counter Swap Space\Available MBytes,Interval,int,300,900,600,300,120,
Microsoft.Linux.Universal.Monitoring,Microsoft.Linux.Universal.OperatingSystem.AvailableMBytesSwap.Collection,Rule,Available MBytes Swap (Universal Linux),Collection rule for the performance counter Swap Space\Available MBytes,SyncTime,string,,,,,,
Microsoft.Linux.Universal.Monitoring,Microsoft.Linux.Universal.LogicalDisk.DiskReadsPerSecond.Collection,Rule,Disk Reads/sec (Universal Linux),Collection rule for the performance counter Logical Disk\Disk Reads/sec,Enabled,bool,TRUE,,,,,
Microsoft.Linux.Universal.Monitoring,Microsoft.Linux.Universal.LogicalDisk.DiskReadsPerSecond.Collection,Rule,Disk Reads/sec (Universal Linux),Collection rule for the performance counter Logical Disk\Disk Reads/sec,Interval,int,300,900,600,300,120,
Microsoft.Linux.Universal.Monitoring,Microsoft.Linux.Universal.LogicalDisk.DiskReadsPerSecond.Collection,Rule,Disk Reads/sec (Universal Linux),Collection rule for the performance counter Logical Disk\Disk Reads/sec,SyncTime,string,,,,,,
Microsoft.Linux.Universal.Monitoring,Microsoft.Linux.Universal.LogicalDisk.PercentFreeInodes.Collection,Rule,% Free Inodes (Universal Linux),Collection rule for the performance counter Logical Disk\% Free Inodes,Enabled,bool,FALSE,,,,,
Microsoft.Linux.Universal.Monitoring,Microsoft.Linux.Universal.LogicalDisk.PercentFreeInodes.Collection,Rule,% Free Inodes (Universal Linux),Collection rule for the performance counter Logical Disk\% Free Inodes,Interval,int,300,900,600,300,120,
Microsoft.Linux.Universal.Monitoring,Microsoft.Linux.Universal.LogicalDisk.PercentFreeInodes.Collection,Rule,% Free Inodes (Universal Linux),Collection rule for the performance counter Logical Disk\% Free Inodes,SyncTime,string,,,,,,
Microsoft.Linux.Universal.Monitoring,Microsoft.Linux.Universal.OperatingSystem.PercentAvailableMemory.Collection,Rule,% Available Memory (Universal Linux),Collection rule for the performance counter Memory\% Available Memory,Enabled,bool,TRUE,,,,,
Microsoft.Linux.Universal.Monitoring,Microsoft.Linux.Universal.OperatingSystem.PercentAvailableMemory.Collection,Rule,% Available Memory (Universal Linux),Collection rule for the performance counter Memory\% Available Memory,Interval,int,300,900,600,300,120,
Microsoft.Linux.Universal.Monitoring,Microsoft.Linux.Universal.OperatingSystem.PercentAvailableMemory.Collection,Rule,% Available Memory (Universal Linux),Collection rule for the performance counter Memory\% Available Memory,SyncTime,string,,,,,,
Microsoft.Linux.Universal.Monitoring,Microsoft.Linux.Universal.Processor.PercentNiceTime.Collection,Rule,Processor % Nice Time (Universal Linux),Collects the performance counter Processor\% Nice Time,Enabled,bool,TRUE,,,,,
Microsoft.Linux.Universal.Monitoring,Microsoft.Linux.Universal.Processor.PercentNiceTime.Collection,Rule,Processor % Nice Time (Universal Linux),Collects the performance counter Processor\% Nice Time,Interval,int,300,900,600,300,120,
Microsoft.Linux.Universal.Monitoring,Microsoft.Linux.Universal.Processor.PercentNiceTime.Collection,Rule,Processor % Nice Time (Universal Linux),Collects the performance counter Processor\% Nice Time,SyncTime,string,,,,,,
Microsoft.Linux.Universal.Monitoring,Microsoft.Linux.Universal.OperatingSystem.TotalPercentPrivilegedTime.Collection,Rule,Total Processor % Privileged Time (Universal Linux),Collects the performance counter Processor\% Privileged Time,Enabled,bool,TRUE,,,,,
Microsoft.Linux.Universal.Monitoring,Microsoft.Linux.Universal.OperatingSystem.TotalPercentPrivilegedTime.Collection,Rule,Total Processor % Privileged Time (Universal Linux),Collects the performance counter Processor\% Privileged Time,Interval,int,300,900,600,300,120,
Microsoft.Linux.Universal.Monitoring,Microsoft.Linux.Universal.OperatingSystem.TotalPercentPrivilegedTime.Collection,Rule,Total Processor % Privileged Time (Universal Linux),Collects the performance counter Processor\% Privileged Time,SyncTime,string,,,,,,
Microsoft.Linux.Universal.Monitoring,Microsoft.Linux.Universal.LogicalDisk.PercentUsedSpace.Collection,Rule,% Used Space (Universal Linux),Collection rule for the performance counter Logical Disk\% Used Space,Enabled,bool,TRUE,,,,,
Microsoft.Linux.Universal.Monitoring,Microsoft.Linux.Universal.LogicalDisk.PercentUsedSpace.Collection,Rule,% Used Space (Universal Linux),Collection rule for the performance counter Logical Disk\% Used Space,Interval,int,300,900,600,300,120,
Microsoft.Linux.Universal.Monitoring,Microsoft.Linux.Universal.LogicalDisk.PercentUsedSpace.Collection,Rule,% Used Space (Universal Linux),Collection rule for the performance counter Logical Disk\% Used Space,SyncTime,string,,,,,,
Microsoft.Linux.Universal.Monitoring,Microsoft.Linux.Universal.PhysicalDisk.AverageDiskReadTime.Collection,Rule,Avg. Disk sec/Read (Universal Linux),Collection rule for the performance counter Physical Disk\Avg. Disk sec/Read,Enabled,bool,TRUE,,,,,
Microsoft.Linux.Universal.Monitoring,Microsoft.Linux.Universal.PhysicalDisk.AverageDiskReadTime.Collection,Rule,Avg. Disk sec/Read (Universal Linux),Collection rule for the performance counter Physical Disk\Avg. Disk sec/Read,Interval,int,300,900,600,300,120,
Microsoft.Linux.Universal.Monitoring,Microsoft.Linux.Universal.PhysicalDisk.AverageDiskReadTime.Collection,Rule,Avg. Disk sec/Read (Universal Linux),Collection rule for the performance counter Physical Disk\Avg. Disk sec/Read,SyncTime,string,,,,,,
Microsoft.Linux.Universal.Monitoring,Microsoft.Linux.Universal.OperatingSystem.TotalPercentInterruptTime.Collection,Rule,Total Processor % Interrupt Time (Universal Linux),Collects the performance counter Processor\% Interrupt Time,Enabled,bool,TRUE,,,,,
Microsoft.Linux.Universal.Monitoring,Microsoft.Linux.Universal.OperatingSystem.TotalPercentInterruptTime.Collection,Rule,Total Processor % Interrupt Time (Universal Linux),Collects the performance counter Processor\% Interrupt Time,Interval,int,300,900,600,300,120,
Microsoft.Linux.Universal.Monitoring,Microsoft.Linux.Universal.OperatingSystem.TotalPercentInterruptTime.Collection,Rule,Total Processor % Interrupt Time (Universal Linux),Collects the performance counter Processor\% Interrupt Time,SyncTime,string,,,,,,
Microsoft.Linux.Universal.Monitoring,Microsoft.Linux.Universal.LogicalDisk.FreeMegabytes.Collection,Rule,Free Megabytes (Universal Linux),Collection rule for the performance counter Logical Disk\Free Megabytes,Enabled,bool,TRUE,,,,,
Microsoft.Linux.Universal.Monitoring,Microsoft.Linux.Universal.LogicalDisk.FreeMegabytes.Collection,Rule,Free Megabytes (Universal Linux),Collection rule for the performance counter Logical Disk\Free Megabytes,Interval,int,300,900,600,300,120,
Microsoft.Linux.Universal.Monitoring,Microsoft.Linux.Universal.LogicalDisk.FreeMegabytes.Collection,Rule,Free Megabytes (Universal Linux),Collection rule for the performance counter Logical Disk\Free Megabytes,SyncTime,string,,,,,,
Microsoft.Linux.Universal.Monitoring,Microsoft.Linux.Universal.LogFile.Syslog.SU.Command.Root.Failure.Alert,Rule,SU Command Failure alert rule,"Alert rule for failed ""SU to root command"" messages.",Enabled,bool,FALSE,,,,,
Microsoft.Linux.Universal.Monitoring,Microsoft.Linux.Universal.LogFile.Syslog.SU.Command.Root.Failure.Alert,Rule,SU Command Failure alert rule,"Alert rule for failed ""SU to root command"" messages.",RegExpFilter,string,su: \S+\(\S+\): authentication failure; logname=\S+ .* user=root,,,,,
Microsoft.Linux.Universal.Monitoring,Microsoft.Linux.Universal.LogFile.Syslog.SU.Command.Root.Failure.Alert,Rule,SU Command Failure alert rule,"Alert rule for failed ""SU to root command"" messages.",Host,string,"$Target/Property[Type=""Unix!Microsoft.Unix.Computer""]/PrincipalName$",,,,,
Microsoft.Linux.Universal.Monitoring,Microsoft.Linux.Universal.LogFile.Syslog.SU.Command.Root.Failure.Alert,Rule,SU Command Failure alert rule,"Alert rule for failed ""SU to root command"" messages.",IndividualAlerts,bool,FALSE,,,,,
Microsoft.Linux.Universal.Monitoring,Microsoft.Linux.Universal.LogFile.Syslog.SU.Command.Root.Failure.Alert,Rule,SU Command Failure alert rule,"Alert rule for failed ""SU to root command"" messages.",LogFile,string,/var/log/secure,,,,,
Microsoft.Linux.Universal.Monitoring,Microsoft.Linux.Universal.LogFile.Syslog.SU.Command.Root.Failure.Alert,Rule,SU Command Failure alert rule,"Alert rule for failed ""SU to root command"" messages.",Severity,int,2,,,,,
Microsoft.Linux.Universal.Monitoring,Microsoft.Linux.Universal.LogFile.Syslog.SU.Command.Root.Failure.Alert,Rule,SU Command Failure alert rule,"Alert rule for failed ""SU to root command"" messages.",Priority,int,1,,,,,
Microsoft.Linux.Universal.Monitoring,Microsoft.Linux.Universal.OperatingSystem.UsedMemoryMBytes.Collection,Rule,Used Memory MBytes (Universal Linux),Collection rule for the performance counter Memory\Used Memory MBytes,Enabled,bool,TRUE,,,,,
Microsoft.Linux.Universal.Monitoring,Microsoft.Linux.Universal.OperatingSystem.UsedMemoryMBytes.Collection,Rule,Used Memory MBytes (Universal Linux),Collection rule for the performance counter Memory\Used Memory MBytes,Interval,int,300,900,600,300,120,
Microsoft.Linux.Universal.Monitoring,Microsoft.Linux.Universal.OperatingSystem.UsedMemoryMBytes.Collection,Rule,Used Memory MBytes (Universal Linux),Collection rule for the performance counter Memory\Used Memory MBytes,SyncTime,string,,,,,,
Microsoft.Linux.Universal.Monitoring,Microsoft.Linux.Universal.Processor.PercentProcessorTime.Collection,Rule,Processor % Time (Universal Linux),Collects the performance counter Processor\% Processor Time,Enabled,bool,TRUE,,,,,
Microsoft.Linux.Universal.Monitoring,Microsoft.Linux.Universal.Processor.PercentProcessorTime.Collection,Rule,Processor % Time (Universal Linux),Collects the performance counter Processor\% Processor Time,Interval,int,300,900,600,300,120,
Microsoft.Linux.Universal.Monitoring,Microsoft.Linux.Universal.Processor.PercentProcessorTime.Collection,Rule,Processor % Time (Universal Linux),Collects the performance counter Processor\% Processor Time,SyncTime,string,,,,,,
Microsoft.Linux.Universal.Monitoring,Microsoft.Linux.Universal.Processor.PercentUserTime.Collection,Rule,Processor % User Time (Universal Linux),Collects the performance counter Processor\% User Time,Enabled,bool,TRUE,,,,,
Microsoft.Linux.Universal.Monitoring,Microsoft.Linux.Universal.Processor.PercentUserTime.Collection,Rule,Processor % User Time (Universal Linux),Collects the performance counter Processor\% User Time,Interval,int,300,900,600,300,120,
Microsoft.Linux.Universal.Monitoring,Microsoft.Linux.Universal.Processor.PercentUserTime.Collection,Rule,Processor % User Time (Universal Linux),Collects the performance counter Processor\% User Time,SyncTime,string,,,,,,
Microsoft.Linux.Universal.Monitoring,Microsoft.Linux.Universal.OperatingSystem.PercentUsedMemory.Collection,Rule,% Used Memory (Universal Linux),Collection rule for the performance counter Memory\% Used Memory,Enabled,bool,TRUE,,,,,
Microsoft.Linux.Universal.Monitoring,Microsoft.Linux.Universal.OperatingSystem.PercentUsedMemory.Collection,Rule,% Used Memory (Universal Linux),Collection rule for the performance counter Memory\% Used Memory,Interval,int,300,900,600,300,120,
Microsoft.Linux.Universal.Monitoring,Microsoft.Linux.Universal.OperatingSystem.PercentUsedMemory.Collection,Rule,% Used Memory (Universal Linux),Collection rule for the performance counter Memory\% Used Memory,SyncTime,string,,,,,,
Microsoft.Linux.Universal.Monitoring,Microsoft.Linux.Universal.OperatingSystem.TotalPercentIOWaitTime.Collection,Rule,Total Processor % IO Wait Time (Universal Linux),Collects the performance counter Processor\% IO Wait Time,Enabled,bool,TRUE,,,,,
Microsoft.Linux.Universal.Monitoring,Microsoft.Linux.Universal.OperatingSystem.TotalPercentIOWaitTime.Collection,Rule,Total Processor % IO Wait Time (Universal Linux),Collects the performance counter Processor\% IO Wait Time,Interval,int,300,900,600,300,120,
Microsoft.Linux.Universal.Monitoring,Microsoft.Linux.Universal.OperatingSystem.TotalPercentIOWaitTime.Collection,Rule,Total Processor % IO Wait Time (Universal Linux),Collects the performance counter Processor\% IO Wait Time,SyncTime,string,,,,,,
Microsoft.Linux.Universal.Monitoring,Microsoft.Linux.Universal.PhysicalDisk.AverageDiskWriteTime.Collection,Rule,Avg. Disk sec/Write (Universal Linux),Collection rule for the performance counter Physical Disk\Avg. Disk sec/Write,Enabled,bool,TRUE,,,,,
Microsoft.Linux.Universal.Monitoring,Microsoft.Linux.Universal.PhysicalDisk.AverageDiskWriteTime.Collection,Rule,Avg. Disk sec/Write (Universal Linux),Collection rule for the performance counter Physical Disk\Avg. Disk sec/Write,Interval,int,300,900,600,300,120,
Microsoft.Linux.Universal.Monitoring,Microsoft.Linux.Universal.PhysicalDisk.AverageDiskWriteTime.Collection,Rule,Avg. Disk sec/Write (Universal Linux),Collection rule for the performance counter Physical Disk\Avg. Disk sec/Write,SyncTime,string,,,,,,
Microsoft.Linux.Universal.Monitoring,Microsoft.Linux.Universal.Processor.TotalPercentIOWaitTime.Collection,Rule,Processor % IO Time (Universal Linux),Collects the performance counter Processor\% IO Wait Time,Enabled,bool,TRUE,,,,,
Microsoft.Linux.Universal.Monitoring,Microsoft.Linux.Universal.Processor.TotalPercentIOWaitTime.Collection,Rule,Processor % IO Time (Universal Linux),Collects the performance counter Processor\% IO Wait Time,Interval,int,300,900,600,300,120,
Microsoft.Linux.Universal.Monitoring,Microsoft.Linux.Universal.Processor.TotalPercentIOWaitTime.Collection,Rule,Processor % IO Time (Universal Linux),Collects the performance counter Processor\% IO Wait Time,SyncTime,string,,,,,,
Microsoft.Linux.Universal.Monitoring,Microsoft.Linux.Universal.OperatingSystem.PagesPerSecond.Collection,Rule,Pages/sec (Universal Linux),Collection rule for the performance counter Memory\Pages/sec,Enabled,bool,TRUE,,,,,
Microsoft.Linux.Universal.Monitoring,Microsoft.Linux.Universal.OperatingSystem.PagesPerSecond.Collection,Rule,Pages/sec (Universal Linux),Collection rule for the performance counter Memory\Pages/sec,Interval,int,300,900,600,300,120,
Microsoft.Linux.Universal.Monitoring,Microsoft.Linux.Universal.OperatingSystem.PagesPerSecond.Collection,Rule,Pages/sec (Universal Linux),Collection rule for the performance counter Memory\Pages/sec,SyncTime,string,,,,,,
Microsoft.Linux.Universal.Monitoring,Microsoft.Linux.Universal.OperatingSystem.AvailableMBytes.Collection,Rule,Available MBytes Memory (Universal Linux),Collection rule for the performance counter Memory\Available MBytes,Enabled,bool,TRUE,,,,,
Microsoft.Linux.Universal.Monitoring,Microsoft.Linux.Universal.OperatingSystem.AvailableMBytes.Collection,Rule,Available MBytes Memory (Universal Linux),Collection rule for the performance counter Memory\Available MBytes,Interval,int,300,900,600,300,120,
Microsoft.Linux.Universal.Monitoring,Microsoft.Linux.Universal.OperatingSystem.AvailableMBytes.Collection,Rule,Available MBytes Memory (Universal Linux),Collection rule for the performance counter Memory\Available MBytes,SyncTime,string,,,,,,
Microsoft.Linux.Universal.Monitoring,Microsoft.Linux.Universal.LogicalDisk.DiskTransfersPerSecond.Collection,Rule,Disk Transfers/sec (Universal Linux),Collection rule for the performance counter Logical Disk\Disk Transfers/sec,Enabled,bool,TRUE,,,,,
Microsoft.Linux.Universal.Monitoring,Microsoft.Linux.Universal.LogicalDisk.DiskTransfersPerSecond.Collection,Rule,Disk Transfers/sec (Universal Linux),Collection rule for the performance counter Logical Disk\Disk Transfers/sec,Interval,int,300,900,600,300,120,
Microsoft.Linux.Universal.Monitoring,Microsoft.Linux.Universal.LogicalDisk.DiskTransfersPerSecond.Collection,Rule,Disk Transfers/sec (Universal Linux),Collection rule for the performance counter Logical Disk\Disk Transfers/sec,SyncTime,string,,,,,,
Microsoft.Linux.Universal.Monitoring,Microsoft.Linux.Universal.OperatingSystem.UsedMBytesSwap.Collection,Rule,Used Swap MBytes (Universal Linux),Collection rule for the performance counter Swap Space\Used MBytes,Enabled,bool,TRUE,,,,,
Microsoft.Linux.Universal.Monitoring,Microsoft.Linux.Universal.OperatingSystem.UsedMBytesSwap.Collection,Rule,Used Swap MBytes (Universal Linux),Collection rule for the performance counter Swap Space\Used MBytes,Interval,int,300,900,600,300,120,
Microsoft.Linux.Universal.Monitoring,Microsoft.Linux.Universal.OperatingSystem.UsedMBytesSwap.Collection,Rule,Used Swap MBytes (Universal Linux),Collection rule for the performance counter Swap Space\Used MBytes,SyncTime,string,,,,,,
Microsoft.Linux.Universal.Monitoring,Microsoft.Linux.Universal.LogicalDisk.DiskWritesPerSecond.Collection,Rule,Disk Writes/sec (Universal Linux),Collection rule for the performance counter Logical Disk\Disk Writes/sec,Enabled,bool,TRUE,,,,,
Microsoft.Linux.Universal.Monitoring,Microsoft.Linux.Universal.LogicalDisk.DiskWritesPerSecond.Collection,Rule,Disk Writes/sec (Universal Linux),Collection rule for the performance counter Logical Disk\Disk Writes/sec,Interval,int,300,900,600,300,120,
Microsoft.Linux.Universal.Monitoring,Microsoft.Linux.Universal.LogicalDisk.DiskWritesPerSecond.Collection,Rule,Disk Writes/sec (Universal Linux),Collection rule for the performance counter Logical Disk\Disk Writes/sec,SyncTime,string,,,,,,
Microsoft.Linux.Universal.Monitoring,Microsoft.Linux.Universal.LogicalDisk.DiskReadBytesPerSecond.Collection,Rule,Disk Read Bytes/sec (Universal Linux),Collection rule for the performance counter Logical Disk\Disk Read Bytes/sec,Enabled,bool,TRUE,,,,,
Microsoft.Linux.Universal.Monitoring,Microsoft.Linux.Universal.LogicalDisk.DiskReadBytesPerSecond.Collection,Rule,Disk Read Bytes/sec (Universal Linux),Collection rule for the performance counter Logical Disk\Disk Read Bytes/sec,Interval,int,300,900,600,300,120,
Microsoft.Linux.Universal.Monitoring,Microsoft.Linux.Universal.LogicalDisk.DiskReadBytesPerSecond.Collection,Rule,Disk Read Bytes/sec (Universal Linux),Collection rule for the performance counter Logical Disk\Disk Read Bytes/sec,SyncTime,string,,,,,,
Microsoft.Linux.Universal.Monitoring,Microsoft.Linux.Universal.NetworkAdapter.BytesReceivedPerSec.Collection,Rule,Byte Received/Sec (Universal Linux),Collection rule for the performance counter Network Adapter\Bytes Received/Sec,Enabled,bool,TRUE,,,,,
Microsoft.Linux.Universal.Monitoring,Microsoft.Linux.Universal.NetworkAdapter.BytesReceivedPerSec.Collection,Rule,Byte Received/Sec (Universal Linux),Collection rule for the performance counter Network Adapter\Bytes Received/Sec,NumSamples,int,1,,,,,
Microsoft.Linux.Universal.Monitoring,Microsoft.Linux.Universal.NetworkAdapter.BytesReceivedPerSec.Collection,Rule,Byte Received/Sec (Universal Linux),Collection rule for the performance counter Network Adapter\Bytes Received/Sec,Interval,int,300,900,600,300,120,
Microsoft.Linux.Universal.Monitoring,Microsoft.Linux.Universal.OperatingSystem.PercentUsedSwapSpace.Collection,Rule,% Used Swap Space (Universal Linux),Collection rule for the performance counter Swap Space\% Used Swap Space,Enabled,bool,TRUE,,,,,
Microsoft.Linux.Universal.Monitoring,Microsoft.Linux.Universal.OperatingSystem.PercentUsedSwapSpace.Collection,Rule,% Used Swap Space (Universal Linux),Collection rule for the performance counter Swap Space\% Used Swap Space,Interval,int,300,900,600,300,120,
Microsoft.Linux.Universal.Monitoring,Microsoft.Linux.Universal.OperatingSystem.PercentUsedSwapSpace.Collection,Rule,% Used Swap Space (Universal Linux),Collection rule for the performance counter Swap Space\% Used Swap Space,SyncTime,string,,,,,,
Microsoft.Linux.Universal.Monitoring,Microsoft.Linux.Universal.LogicalDisk.UsedMegabyte.Collection,Rule,Used Megabytes (Universal Linux),Collection rule for the performance counter Logical Disk\Used Megabytes,Enabled,bool,TRUE,,,,,
Microsoft.Linux.Universal.Monitoring,Microsoft.Linux.Universal.LogicalDisk.UsedMegabyte.Collection,Rule,Used Megabytes (Universal Linux),Collection rule for the performance counter Logical Disk\Used Megabytes,Interval,int,300,900,600,300,120,
Microsoft.Linux.Universal.Monitoring,Microsoft.Linux.Universal.LogicalDisk.UsedMegabyte.Collection,Rule,Used Megabytes (Universal Linux),Collection rule for the performance counter Logical Disk\Used Megabytes,SyncTime,string,,,,,,
Microsoft.Linux.Universal.Monitoring,Microsoft.Linux.Universal.OperatingSystem.TotalPercentUserTime.Collection,Rule,Total Processor % User Time (Universal Linux),Collects the performance counter Processor\% User Time,Enabled,bool,TRUE,,,,,
Microsoft.Linux.Universal.Monitoring,Microsoft.Linux.Universal.OperatingSystem.TotalPercentUserTime.Collection,Rule,Total Processor % User Time (Universal Linux),Collects the performance counter Processor\% User Time,Interval,int,300,900,600,300,120,
Microsoft.Linux.Universal.Monitoring,Microsoft.Linux.Universal.OperatingSystem.TotalPercentUserTime.Collection,Rule,Total Processor % User Time (Universal Linux),Collects the performance counter Processor\% User Time,SyncTime,string,,,,,,
Microsoft.Linux.Universal.Monitoring,Microsoft.Linux.Universal.LogicalDisk.DiskBytesPerSecond.Collection,Rule,Logical Disk Bytes/sec (Universal Linux),Collection rule for the performance counter Logical Disk\Disk Bytes/sec,Enabled,bool,TRUE,,,,,
Microsoft.Linux.Universal.Monitoring,Microsoft.Linux.Universal.LogicalDisk.DiskBytesPerSecond.Collection,Rule,Logical Disk Bytes/sec (Universal Linux),Collection rule for the performance counter Logical Disk\Disk Bytes/sec,Interval,int,300,900,600,300,120,
Microsoft.Linux.Universal.Monitoring,Microsoft.Linux.Universal.LogicalDisk.DiskBytesPerSecond.Collection,Rule,Logical Disk Bytes/sec (Universal Linux),Collection rule for the performance counter Logical Disk\Disk Bytes/sec,SyncTime,string,,,,,,
Microsoft.Linux.Universal.Monitoring,Microsoft.Linux.Universal.LogicalDisk.PercentUsedInodes.Collection,Rule,% Used Inodes (Universal Linux),Collection rule for the performance counter Logical Disk\% Used Inodes,Enabled,bool,TRUE,,,,,
Microsoft.Linux.Universal.Monitoring,Microsoft.Linux.Universal.LogicalDisk.PercentUsedInodes.Collection,Rule,% Used Inodes (Universal Linux),Collection rule for the performance counter Logical Disk\% Used Inodes,Interval,int,300,900,600,300,120,
Microsoft.Linux.Universal.Monitoring,Microsoft.Linux.Universal.LogicalDisk.PercentUsedInodes.Collection,Rule,% Used Inodes (Universal Linux),Collection rule for the performance counter Logical Disk\% Used Inodes,SyncTime,string,,,,,,
Microsoft.Linux.Universal.Monitoring,Microsoft.Linux.Universal.Processor.PercentPrivilegedTime.Collection,Rule,Processor % Privileged Time (Universal Linux),Collects the performance counter Processor\% Privileged Time,Enabled,bool,TRUE,,,,,
Microsoft.Linux.Universal.Monitoring,Microsoft.Linux.Universal.Processor.PercentPrivilegedTime.Collection,Rule,Processor % Privileged Time (Universal Linux),Collects the performance counter Processor\% Privileged Time,Interval,int,300,900,600,300,120,
Microsoft.Linux.Universal.Monitoring,Microsoft.Linux.Universal.Processor.PercentPrivilegedTime.Collection,Rule,Processor % Privileged Time (Universal Linux),Collects the performance counter Processor\% Privileged Time,SyncTime,string,,,,,,
Microsoft.Linux.Universal.Monitoring,Microsoft.Linux.Universal.OperatingSystem.PageWritesPerSecond.Collection,Rule,Page Writes/sec (Universal Linux),Collection rule for the performance counter Memory\Page Writes/sec,Enabled,bool,TRUE,,,,,
Microsoft.Linux.Universal.Monitoring,Microsoft.Linux.Universal.OperatingSystem.PageWritesPerSecond.Collection,Rule,Page Writes/sec (Universal Linux),Collection rule for the performance counter Memory\Page Writes/sec,Interval,int,300,900,600,300,120,
Microsoft.Linux.Universal.Monitoring,Microsoft.Linux.Universal.OperatingSystem.PageWritesPerSecond.Collection,Rule,Page Writes/sec (Universal Linux),Collection rule for the performance counter Memory\Page Writes/sec,SyncTime,string,,,,,,
Microsoft.Linux.Universal.Monitoring,Microsoft.Linux.Universal.NetworkAdapter.BytesSentPerSec.Collection,Rule,Byte Sent/Sec (Universal Linux),Collection rule for the performance counter Network Adapter\Bytes Sent/Sec,Enabled,bool,TRUE,,,,,
Microsoft.Linux.Universal.Monitoring,Microsoft.Linux.Universal.NetworkAdapter.BytesSentPerSec.Collection,Rule,Byte Sent/Sec (Universal Linux),Collection rule for the performance counter Network Adapter\Bytes Sent/Sec,NumSamples,int,1,,,,,
Microsoft.Linux.Universal.Monitoring,Microsoft.Linux.Universal.NetworkAdapter.BytesSentPerSec.Collection,Rule,Byte Sent/Sec (Universal Linux),Collection rule for the performance counter Network Adapter\Bytes Sent/Sec,Interval,int,300,900,600,300,120,
Microsoft.Linux.Universal.Monitoring,Microsoft.Linux.Universal.OperatingSystem.TotalPercentProcessorTime.Collection,Rule,Total Processor % Processor Time (Universal Linux),Collects the performance counter Processor\% Processor Time,Enabled,bool,TRUE,,,,,
Microsoft.Linux.Universal.Monitoring,Microsoft.Linux.Universal.OperatingSystem.TotalPercentProcessorTime.Collection,Rule,Total Processor % Processor Time (Universal Linux),Collects the performance counter Processor\% Processor Time,Interval,int,300,900,600,300,120,
Microsoft.Linux.Universal.Monitoring,Microsoft.Linux.Universal.OperatingSystem.TotalPercentProcessorTime.Collection,Rule,Total Processor % Processor Time (Universal Linux),Collects the performance counter Processor\% Processor Time,SyncTime,string,,,,,,
Microsoft.Linux.Universal.Monitoring,Microsoft.Linux.Universal.NetworkAdapter.BytesTotalSec.Collection,Rule,Bytes Total/Sec (Universal Linux),Collection rule for the performance counter Network Adapter\Bytes Total/Sec,Enabled,bool,TRUE,,,,,
Microsoft.Linux.Universal.Monitoring,Microsoft.Linux.Universal.NetworkAdapter.BytesTotalSec.Collection,Rule,Bytes Total/Sec (Universal Linux),Collection rule for the performance counter Network Adapter\Bytes Total/Sec,NumSamples,int,1,,,,,
Microsoft.Linux.Universal.Monitoring,Microsoft.Linux.Universal.NetworkAdapter.BytesTotalSec.Collection,Rule,Bytes Total/Sec (Universal Linux),Collection rule for the performance counter Network Adapter\Bytes Total/Sec,Interval,int,300,900,600,300,120,
Microsoft.Linux.Universal.Monitoring,Microsoft.Linux.Universal.OperatingSystem.PercentAvailableSwap.Collection,Rule,% Available Swap Space (Universal Linux),Collection rule for the performance counter Swap Space\% Available Swap Space,Enabled,bool,TRUE,,,,,
Microsoft.Linux.Universal.Monitoring,Microsoft.Linux.Universal.OperatingSystem.PercentAvailableSwap.Collection,Rule,% Available Swap Space (Universal Linux),Collection rule for the performance counter Swap Space\% Available Swap Space,Interval,int,300,900,600,300,120,
Microsoft.Linux.Universal.Monitoring,Microsoft.Linux.Universal.OperatingSystem.PercentAvailableSwap.Collection,Rule,% Available Swap Space (Universal Linux),Collection rule for the performance counter Swap Space\% Available Swap Space,SyncTime,string,,,,,,
Microsoft.Linux.Universal.Monitoring,Microsoft.Linux.Universal.Processor.TotalPercentInterruptTime.Collection,Rule,Processor % Interrupt Time (Universal Linux),Collects the performance counter Processor\% Interrupt Time,Enabled,bool,TRUE,,,,,
Microsoft.Linux.Universal.Monitoring,Microsoft.Linux.Universal.Processor.TotalPercentInterruptTime.Collection,Rule,Processor % Interrupt Time (Universal Linux),Collects the performance counter Processor\% Interrupt Time,Interval,int,300,900,600,300,120,
Microsoft.Linux.Universal.Monitoring,Microsoft.Linux.Universal.Processor.TotalPercentInterruptTime.Collection,Rule,Processor % Interrupt Time (Universal Linux),Collects the performance counter Processor\% Interrupt Time,SyncTime,string,,,,,,
Microsoft.Linux.Universal.Monitoring,Microsoft.Linux.Universal.OperatingSystem.TotalPercentDPCTime.Collection,Rule,Total Processor % DPC Time (Universal Linux),Collects the performance counter Processor\% DPC Time,Enabled,bool,TRUE,,,,,
Microsoft.Linux.Universal.Monitoring,Microsoft.Linux.Universal.OperatingSystem.TotalPercentDPCTime.Collection,Rule,Total Processor % DPC Time (Universal Linux),Collects the performance counter Processor\% DPC Time,Interval,int,300,900,600,300,120,
Microsoft.Linux.Universal.Monitoring,Microsoft.Linux.Universal.OperatingSystem.TotalPercentDPCTime.Collection,Rule,Total Processor % DPC Time (Universal Linux),Collects the performance counter Processor\% DPC Time,SyncTime,string,,,,,,
Microsoft.Linux.Universal.Monitoring,Microsoft.Linux.Universal.LogFile.Syslog.SSHAuth.PAM.Root.Failure.Alert,Rule,SSH Authentication Failure alert rule,Alert rule for detection of SSH Authentication failures.,Enabled,bool,FALSE,,,,,
Microsoft.Linux.Universal.Monitoring,Microsoft.Linux.Universal.LogFile.Syslog.SSHAuth.PAM.Root.Failure.Alert,Rule,SSH Authentication Failure alert rule,Alert rule for detection of SSH Authentication failures.,RegExpFilter,string,\s+sshd\[[[:digit:]]+\]: Failed password for (invalid user )?root from \S+,,,,,
Microsoft.Linux.Universal.Monitoring,Microsoft.Linux.Universal.LogFile.Syslog.SSHAuth.PAM.Root.Failure.Alert,Rule,SSH Authentication Failure alert rule,Alert rule for detection of SSH Authentication failures.,Host,string,"$Target/Property[Type=""Unix!Microsoft.Unix.Computer""]/PrincipalName$",,,,,
Microsoft.Linux.Universal.Monitoring,Microsoft.Linux.Universal.LogFile.Syslog.SSHAuth.PAM.Root.Failure.Alert,Rule,SSH Authentication Failure alert rule,Alert rule for detection of SSH Authentication failures.,IndividualAlerts,bool,FALSE,,,,,
Microsoft.Linux.Universal.Monitoring,Microsoft.Linux.Universal.LogFile.Syslog.SSHAuth.PAM.Root.Failure.Alert,Rule,SSH Authentication Failure alert rule,Alert rule for detection of SSH Authentication failures.,LogFile,string,/var/log/secure,,,,,
Microsoft.Linux.Universal.Monitoring,Microsoft.Linux.Universal.LogFile.Syslog.SSHAuth.PAM.Root.Failure.Alert,Rule,SSH Authentication Failure alert rule,Alert rule for detection of SSH Authentication failures.,Severity,int,2,,,,,
Microsoft.Linux.Universal.Monitoring,Microsoft.Linux.Universal.LogFile.Syslog.SSHAuth.PAM.Root.Failure.Alert,Rule,SSH Authentication Failure alert rule,Alert rule for detection of SSH Authentication failures.,Priority,int,1,,,,,
Microsoft.Linux.Universal.Monitoring,Microsoft.Linux.Universal.PhysicalDisk.AverageDiskTransferTime.Monitor,UnitMonitor,Physical Disk Avg. Disk sec/Transfer,Universal Linux Physical Disk Avg. Disk sec/Transfer Monitor,Enabled,bool,TRUE,,,,,
Microsoft.Linux.Universal.Monitoring,Microsoft.Linux.Universal.PhysicalDisk.AverageDiskTransferTime.Monitor,UnitMonitor,Physical Disk Avg. Disk sec/Transfer,Universal Linux Physical Disk Avg. Disk sec/Transfer Monitor,Interval,int,300,900,600,300,120,
Microsoft.Linux.Universal.Monitoring,Microsoft.Linux.Universal.PhysicalDisk.AverageDiskTransferTime.Monitor,UnitMonitor,Physical Disk Avg. Disk sec/Transfer,Universal Linux Physical Disk Avg. Disk sec/Transfer Monitor,NumSamples,int,5,,,,,
Microsoft.Linux.Universal.Monitoring,Microsoft.Linux.Universal.PhysicalDisk.AverageDiskTransferTime.Monitor,UnitMonitor,Physical Disk Avg. Disk sec/Transfer,Universal Linux Physical Disk Avg. Disk sec/Transfer Monitor,Threshold,double,0.05,,,,,
Microsoft.Linux.Universal.Monitoring,Microsoft.Linux.Universal.PhysicalDisk.AverageDiskTransferTime.Monitor,UnitMonitor,Physical Disk Avg. Disk sec/Transfer,Universal Linux Physical Disk Avg. Disk sec/Transfer Monitor,SyncTime,string,,,,,,
Microsoft.Linux.Universal.Monitoring,Microsoft.Linux.Universal.PhysicalDisk.DiskHealth.Monitor,UnitMonitor,Physical Disk Health,Universal Linux Physical Disk Health Monitor,Enabled,bool,TRUE,,,,,
Microsoft.Linux.Universal.Monitoring,Microsoft.Linux.Universal.PhysicalDisk.DiskHealth.Monitor,UnitMonitor,Physical Disk Health,Universal Linux Physical Disk Health Monitor,SyncTime,string,,,,,,
Microsoft.Linux.Universal.Monitoring,Microsoft.Linux.Universal.PhysicalDisk.DiskHealth.Monitor,UnitMonitor,Physical Disk Health,Universal Linux Physical Disk Health Monitor,ExpectedStatus,string,TRUE,,,,,
Microsoft.Linux.Universal.Monitoring,Microsoft.Linux.Universal.PhysicalDisk.DiskHealth.Monitor,UnitMonitor,Physical Disk Health,Universal Linux Physical Disk Health Monitor,Interval,int,300,900,600,300,120,
Microsoft.Linux.Universal.Monitoring,Microsoft.Linux.Universal.Processor.PercentDPCTime.Monitor,UnitMonitor,Processor Percent DPC Time,Universal Linux Processor Percent DPC Time Monitor,Enabled,bool,TRUE,,,,,
Microsoft.Linux.Universal.Monitoring,Microsoft.Linux.Universal.Processor.PercentDPCTime.Monitor,UnitMonitor,Processor Percent DPC Time,Universal Linux Processor Percent DPC Time Monitor,Interval,int,300,900,600,300,120,
Microsoft.Linux.Universal.Monitoring,Microsoft.Linux.Universal.Processor.PercentDPCTime.Monitor,UnitMonitor,Processor Percent DPC Time,Universal Linux Processor Percent DPC Time Monitor,NumSamples,int,3,,,,,
Microsoft.Linux.Universal.Monitoring,Microsoft.Linux.Universal.Processor.PercentDPCTime.Monitor,UnitMonitor,Processor Percent DPC Time,Universal Linux Processor Percent DPC Time Monitor,Threshold,double,15,,,,,
Microsoft.Linux.Universal.Monitoring,Microsoft.Linux.Universal.Processor.PercentDPCTime.Monitor,UnitMonitor,Processor Percent DPC Time,Universal Linux Processor Percent DPC Time Monitor,SyncTime,string,,,,,,
Microsoft.Linux.Universal.Monitoring,Microsoft.Linux.Universal.LogicalDisk.DiskHealth.Monitor,UnitMonitor,Logical Disk Health,Universal Linux Logical Disk Health Monitor,Enabled,bool,TRUE,,,,,
Microsoft.Linux.Universal.Monitoring,Microsoft.Linux.Universal.LogicalDisk.DiskHealth.Monitor,UnitMonitor,Logical Disk Health,Universal Linux Logical Disk Health Monitor,SyncTime,string,,,,,,
Microsoft.Linux.Universal.Monitoring,Microsoft.Linux.Universal.LogicalDisk.DiskHealth.Monitor,UnitMonitor,Logical Disk Health,Universal Linux Logical Disk Health Monitor,ExpectedStatus,string,TRUE,,,,,
Microsoft.Linux.Universal.Monitoring,Microsoft.Linux.Universal.LogicalDisk.DiskHealth.Monitor,UnitMonitor,Logical Disk Health,Universal Linux Logical Disk Health Monitor,Interval,int,300,900,600,300,120,
Microsoft.Linux.Universal.Monitoring,Microsoft.Linux.Universal.OperatingSystem.TotalPercentProcessorTime.Monitor,UnitMonitor,Operating System Total Percent Processor Time,Universal Linux Operating System Total Percent Processor Time Monitor,Enabled,bool,TRUE,,,,,
Microsoft.Linux.Universal.Monitoring,Microsoft.Linux.Universal.OperatingSystem.TotalPercentProcessorTime.Monitor,UnitMonitor,Operating System Total Percent Processor Time,Universal Linux Operating System Total Percent Processor Time Monitor,Interval,int,300,900,600,300,120,
Microsoft.Linux.Universal.Monitoring,Microsoft.Linux.Universal.OperatingSystem.TotalPercentProcessorTime.Monitor,UnitMonitor,Operating System Total Percent Processor Time,Universal Linux Operating System Total Percent Processor Time Monitor,NumSamples,int,3,,,,,
Microsoft.Linux.Universal.Monitoring,Microsoft.Linux.Universal.OperatingSystem.TotalPercentProcessorTime.Monitor,UnitMonitor,Operating System Total Percent Processor Time,Universal Linux Operating System Total Percent Processor Time Monitor,Threshold,double,95,,,,,
Microsoft.Linux.Universal.Monitoring,Microsoft.Linux.Universal.OperatingSystem.TotalPercentProcessorTime.Monitor,UnitMonitor,Operating System Total Percent Processor Time,Universal Linux Operating System Total Percent Processor Time Monitor,SyncTime,string,,,,,,
Microsoft.Linux.Universal.Monitoring,Microsoft.Linux.Universal.OperatingSystem.TotalPercentInterruptTime.Monitor,UnitMonitor,Operating System Total Percent Interrupt Time,Universal Linux Operating System Total Percent Interrupt Time Monitor,Enabled,bool,TRUE,,,,,
Microsoft.Linux.Universal.Monitoring,Microsoft.Linux.Universal.OperatingSystem.TotalPercentInterruptTime.Monitor,UnitMonitor,Operating System Total Percent Interrupt Time,Universal Linux Operating System Total Percent Interrupt Time Monitor,Interval,int,300,900,600,300,120,
Microsoft.Linux.Universal.Monitoring,Microsoft.Linux.Universal.OperatingSystem.TotalPercentInterruptTime.Monitor,UnitMonitor,Operating System Total Percent Interrupt Time,Universal Linux Operating System Total Percent Interrupt Time Monitor,NumSamples,int,3,,,,,
Microsoft.Linux.Universal.Monitoring,Microsoft.Linux.Universal.OperatingSystem.TotalPercentInterruptTime.Monitor,UnitMonitor,Operating System Total Percent Interrupt Time,Universal Linux Operating System Total Percent Interrupt Time Monitor,Threshold,double,10,,,,,
Microsoft.Linux.Universal.Monitoring,Microsoft.Linux.Universal.OperatingSystem.TotalPercentInterruptTime.Monitor,UnitMonitor,Operating System Total Percent Interrupt Time,Universal Linux Operating System Total Percent Interrupt Time Monitor,SyncTime,string,,,,,,
Microsoft.Linux.Universal.Monitoring,Microsoft.Linux.Universal.LogicalDisk.FreeSpace.Monitor,UnitMonitor,Logical Disk Free Space,Universal Linux Logical Disk Free Space Monitor,Enabled,bool,FALSE,,,,,
Microsoft.Linux.Universal.Monitoring,Microsoft.Linux.Universal.LogicalDisk.FreeSpace.Monitor,UnitMonitor,Logical Disk Free Space,Universal Linux Logical Disk Free Space Monitor,WarningPctThreshold,double,10,,,,,
Microsoft.Linux.Universal.Monitoring,Microsoft.Linux.Universal.LogicalDisk.FreeSpace.Monitor,UnitMonitor,Logical Disk Free Space,Universal Linux Logical Disk Free Space Monitor,Interval,int,300,900,600,300,120,
Microsoft.Linux.Universal.Monitoring,Microsoft.Linux.Universal.LogicalDisk.FreeSpace.Monitor,UnitMonitor,Logical Disk Free Space,Universal Linux Logical Disk Free Space Monitor,ErrorPctThreshold,double,5,,,,,
Microsoft.Linux.Universal.Monitoring,Microsoft.Linux.Universal.LogicalDisk.FreeSpace.Monitor,UnitMonitor,Logical Disk Free Space,Universal Linux Logical Disk Free Space Monitor,SyncTime,string,,,,,,
Microsoft.Linux.Universal.Monitoring,Microsoft.Linux.Universal.LogicalDisk.FreeSpace.Monitor,UnitMonitor,Logical Disk Free Space,Universal Linux Logical Disk Free Space Monitor,WarningMBThreshold,double,2000,,,,,
Microsoft.Linux.Universal.Monitoring,Microsoft.Linux.Universal.LogicalDisk.FreeSpace.Monitor,UnitMonitor,Logical Disk Free Space,Universal Linux Logical Disk Free Space Monitor,ErrorMBThreshold,double,1000,,,,,
Microsoft.Linux.Universal.Monitoring,Microsoft.Linux.Universal.Processor.PercentInterruptTime.Monitor,UnitMonitor,Processor Percent Interrupt Time,Universal Linux Processor Percent Interrupt Time Monitor,Enabled,bool,TRUE,,,,,
Microsoft.Linux.Universal.Monitoring,Microsoft.Linux.Universal.Processor.PercentInterruptTime.Monitor,UnitMonitor,Processor Percent Interrupt Time,Universal Linux Processor Percent Interrupt Time Monitor,Interval,int,300,900,600,300,120,
Microsoft.Linux.Universal.Monitoring,Microsoft.Linux.Universal.Processor.PercentInterruptTime.Monitor,UnitMonitor,Processor Percent Interrupt Time,Universal Linux Processor Percent Interrupt Time Monitor,NumSamples,int,3,,,,,
Microsoft.Linux.Universal.Monitoring,Microsoft.Linux.Universal.Processor.PercentInterruptTime.Monitor,UnitMonitor,Processor Percent Interrupt Time,Universal Linux Processor Percent Interrupt Time Monitor,Threshold,double,10,,,,,
Microsoft.Linux.Universal.Monitoring,Microsoft.Linux.Universal.Processor.PercentInterruptTime.Monitor,UnitMonitor,Processor Percent Interrupt Time,Universal Linux Processor Percent Interrupt Time Monitor,SyncTime,string,,,,,,
Microsoft.Linux.Universal.Monitoring,Microsoft.Linux.Universal.LogicalDisk.PercentFreeSpace.Monitor,UnitMonitor,Logical Disk % Free Space,Universal Linux Logical Disk % Free Space Monitor,Enabled,bool,TRUE,,,,,
Microsoft.Linux.Universal.Monitoring,Microsoft.Linux.Universal.LogicalDisk.PercentFreeSpace.Monitor,UnitMonitor,Logical Disk % Free Space,Universal Linux Logical Disk % Free Space Monitor,Interval,int,300,900,600,300,120,
Microsoft.Linux.Universal.Monitoring,Microsoft.Linux.Universal.LogicalDisk.PercentFreeSpace.Monitor,UnitMonitor,Logical Disk % Free Space,Universal Linux Logical Disk % Free Space Monitor,NumSamples,int,1,,,,,
Microsoft.Linux.Universal.Monitoring,Microsoft.Linux.Universal.LogicalDisk.PercentFreeSpace.Monitor,UnitMonitor,Logical Disk % Free Space,Universal Linux Logical Disk % Free Space Monitor,Threshold,double,5,,,,,
Microsoft.Linux.Universal.Monitoring,Microsoft.Linux.Universal.LogicalDisk.PercentFreeSpace.Monitor,UnitMonitor,Logical Disk % Free Space,Universal Linux Logical Disk % Free Space Monitor,SyncTime,string,,,,,,
Microsoft.Linux.Universal.Monitoring,Microsoft.Linux.Universal.PhysicalDisk.AverageDiskReadTime.Monitor,UnitMonitor,Physical Disk Avg. Disk sec/Read,Universal Linux Physical Disk Avg. Disk sec/Read Monitor,Enabled,bool,TRUE,,,,,
Microsoft.Linux.Universal.Monitoring,Microsoft.Linux.Universal.PhysicalDisk.AverageDiskReadTime.Monitor,UnitMonitor,Physical Disk Avg. Disk sec/Read,Universal Linux Physical Disk Avg. Disk sec/Read Monitor,Interval,int,300,900,600,300,120,
Microsoft.Linux.Universal.Monitoring,Microsoft.Linux.Universal.PhysicalDisk.AverageDiskReadTime.Monitor,UnitMonitor,Physical Disk Avg. Disk sec/Read,Universal Linux Physical Disk Avg. Disk sec/Read Monitor,NumSamples,int,5,,,,,
Microsoft.Linux.Universal.Monitoring,Microsoft.Linux.Universal.PhysicalDisk.AverageDiskReadTime.Monitor,UnitMonitor,Physical Disk Avg. Disk sec/Read,Universal Linux Physical Disk Avg. Disk sec/Read Monitor,Threshold,double,0.05,,,,,
Microsoft.Linux.Universal.Monitoring,Microsoft.Linux.Universal.PhysicalDisk.AverageDiskReadTime.Monitor,UnitMonitor,Physical Disk Avg. Disk sec/Read,Universal Linux Physical Disk Avg. Disk sec/Read Monitor,SyncTime,string,,,,,,
Microsoft.Linux.Universal.Monitoring,Microsoft.Linux.Universal.OperatingSystem.TotalPercentDPCTime.Monitor,UnitMonitor,Operating System Total Percent DPC Time,Universal Linux Operating System Total Percent DPC Time Monitor,Enabled,bool,TRUE,,,,,
Microsoft.Linux.Universal.Monitoring,Microsoft.Linux.Universal.OperatingSystem.TotalPercentDPCTime.Monitor,UnitMonitor,Operating System Total Percent DPC Time,Universal Linux Operating System Total Percent DPC Time Monitor,Interval,int,300,900,600,300,120,
Microsoft.Linux.Universal.Monitoring,Microsoft.Linux.Universal.OperatingSystem.TotalPercentDPCTime.Monitor,UnitMonitor,Operating System Total Percent DPC Time,Universal Linux Operating System Total Percent DPC Time Monitor,NumSamples,int,3,,,,,
Microsoft.Linux.Universal.Monitoring,Microsoft.Linux.Universal.OperatingSystem.TotalPercentDPCTime.Monitor,UnitMonitor,Operating System Total Percent DPC Time,Universal Linux Operating System Total Percent DPC Time Monitor,Threshold,double,15,,,,,
Microsoft.Linux.Universal.Monitoring,Microsoft.Linux.Universal.OperatingSystem.TotalPercentDPCTime.Monitor,UnitMonitor,Operating System Total Percent DPC Time,Universal Linux Operating System Total Percent DPC Time Monitor,SyncTime,string,,,,,,
Microsoft.Linux.Universal.Monitoring,Microsoft.Linux.Universal.Process.Ssh.Monitor,UnitMonitor,Process SSH Service Health,Universal Linux Process SSH Monitor,Enabled,bool,TRUE,,,,,
Microsoft.Linux.Universal.Monitoring,Microsoft.Linux.Universal.Process.Ssh.Monitor,UnitMonitor,Process SSH Service Health,Universal Linux Process SSH Monitor,Interval,int,300,900,600,300,120,
Microsoft.Linux.Universal.Monitoring,Microsoft.Linux.Universal.Process.Ssh.Monitor,UnitMonitor,Process SSH Service Health,Universal Linux Process SSH Monitor,SyncTime,string,,,,,,
Microsoft.Linux.Universal.Monitoring,Microsoft.Linux.Universal.Process.Ssh.Monitor,UnitMonitor,Process SSH Service Health,Universal Linux Process SSH Monitor,ProcessName,string,sshd,,,,,
Microsoft.Linux.Universal.Monitoring,Microsoft.Linux.Universal.Processor.PercentProcessorTime.Monitor,UnitMonitor,Processor Percent Processor Time,Universal Linux Processor Percent Processor Time Monitor,Enabled,bool,TRUE,,,,,
Microsoft.Linux.Universal.Monitoring,Microsoft.Linux.Universal.Processor.PercentProcessorTime.Monitor,UnitMonitor,Processor Percent Processor Time,Universal Linux Processor Percent Processor Time Monitor,Interval,int,300,900,600,300,120,
Microsoft.Linux.Universal.Monitoring,Microsoft.Linux.Universal.Processor.PercentProcessorTime.Monitor,UnitMonitor,Processor Percent Processor Time,Universal Linux Processor Percent Processor Time Monitor,NumSamples,int,3,,,,,
Microsoft.Linux.Universal.Monitoring,Microsoft.Linux.Universal.Processor.PercentProcessorTime.Monitor,UnitMonitor,Processor Percent Processor Time,Universal Linux Processor Percent Processor Time Monitor,Threshold,double,95,,,,,
Microsoft.Linux.Universal.Monitoring,Microsoft.Linux.Universal.Processor.PercentProcessorTime.Monitor,UnitMonitor,Processor Percent Processor Time,Universal Linux Processor Percent Processor Time Monitor,SyncTime,string,,,,,,
Microsoft.Linux.Universal.Monitoring,Microsoft.Linux.Universal.NetworkAdapter.Health.Monitor,UnitMonitor,Network Adapter Health,Network Adapter Health,Enabled,bool,TRUE,,,,,
Microsoft.Linux.Universal.Monitoring,Microsoft.Linux.Universal.NetworkAdapter.Health.Monitor,UnitMonitor,Network Adapter Health,Network Adapter Health,SyncTime,string,,,,,,
Microsoft.Linux.Universal.Monitoring,Microsoft.Linux.Universal.NetworkAdapter.Health.Monitor,UnitMonitor,Network Adapter Health,Network Adapter Health,ExpectedStatus,string,2,,,,,
Microsoft.Linux.Universal.Monitoring,Microsoft.Linux.Universal.NetworkAdapter.Health.Monitor,UnitMonitor,Network Adapter Health,Network Adapter Health,Interval,int,300,900,600,300,120,
Microsoft.Linux.Universal.Monitoring,Microsoft.Linux.Universal.OperatingSystem.AvailableMBytes.Monitor,UnitMonitor,Operating System Available Megabytes Memory,Universal Linux Operating System Available Megabytes Memory Monitor,Enabled,bool,TRUE,,,,,
Microsoft.Linux.Universal.Monitoring,Microsoft.Linux.Universal.OperatingSystem.AvailableMBytes.Monitor,UnitMonitor,Operating System Available Megabytes Memory,Universal Linux Operating System Available Megabytes Memory Monitor,Interval,int,300,900,600,300,120,
Microsoft.Linux.Universal.Monitoring,Microsoft.Linux.Universal.OperatingSystem.AvailableMBytes.Monitor,UnitMonitor,Operating System Available Megabytes Memory,Universal Linux Operating System Available Megabytes Memory Monitor,SyncTime,string,,,,,,
Microsoft.Linux.Universal.Monitoring,Microsoft.Linux.Universal.OperatingSystem.AvailableMBytes.Monitor,UnitMonitor,Operating System Available Megabytes Memory,Universal Linux Operating System Available Megabytes Memory Monitor,NumSamples,int,3,,,,,
Microsoft.Linux.Universal.Monitoring,Microsoft.Linux.Universal.OperatingSystem.AvailableMBytes.Monitor,UnitMonitor,Operating System Available Megabytes Memory,Universal Linux Operating System Available Megabytes Memory Monitor,Threshold,double,2.5,,,,,
Microsoft.Linux.Universal.Monitoring,Microsoft.Linux.Universal.PhysicalDisk.AverageDiskWriteTime.Monitor,UnitMonitor,Physical Disk Avg. Disk sec/Write,Universal Linux Physical Disk Avg. Disk sec/Write Monitor,Enabled,bool,TRUE,,,,,
Microsoft.Linux.Universal.Monitoring,Microsoft.Linux.Universal.PhysicalDisk.AverageDiskWriteTime.Monitor,UnitMonitor,Physical Disk Avg. Disk sec/Write,Universal Linux Physical Disk Avg. Disk sec/Write Monitor,Interval,int,300,900,600,300,120,
Microsoft.Linux.Universal.Monitoring,Microsoft.Linux.Universal.PhysicalDisk.AverageDiskWriteTime.Monitor,UnitMonitor,Physical Disk Avg. Disk sec/Write,Universal Linux Physical Disk Avg. Disk sec/Write Monitor,NumSamples,int,5,,,,,
Microsoft.Linux.Universal.Monitoring,Microsoft.Linux.Universal.PhysicalDisk.AverageDiskWriteTime.Monitor,UnitMonitor,Physical Disk Avg. Disk sec/Write,Universal Linux Physical Disk Avg. Disk sec/Write Monitor,Threshold,double,0.05,,,,,
Microsoft.Linux.Universal.Monitoring,Microsoft.Linux.Universal.PhysicalDisk.AverageDiskWriteTime.Monitor,UnitMonitor,Physical Disk Avg. Disk sec/Write,Universal Linux Physical Disk Avg. Disk sec/Write Monitor,SyncTime,string,,,,,,
Microsoft.Linux.Universal.Monitoring,Microsoft.Linux.Universal.LogicalDisk.PercentFreeInodes.Monitor,UnitMonitor,Logical Disk % Free Inodes,Universal Linux Logical Disk % Free Inodes Monitor,Enabled,bool,TRUE,,,,,
Microsoft.Linux.Universal.Monitoring,Microsoft.Linux.Universal.LogicalDisk.PercentFreeInodes.Monitor,UnitMonitor,Logical Disk % Free Inodes,Universal Linux Logical Disk % Free Inodes Monitor,Interval,int,300,900,600,300,120,
Microsoft.Linux.Universal.Monitoring,Microsoft.Linux.Universal.LogicalDisk.PercentFreeInodes.Monitor,UnitMonitor,Logical Disk % Free Inodes,Universal Linux Logical Disk % Free Inodes Monitor,NumSamples,int,1,,,,,
Microsoft.Linux.Universal.Monitoring,Microsoft.Linux.Universal.LogicalDisk.PercentFreeInodes.Monitor,UnitMonitor,Logical Disk % Free Inodes,Universal Linux Logical Disk % Free Inodes Monitor,Threshold,double,5,,,,,
Microsoft.Linux.Universal.Monitoring,Microsoft.Linux.Universal.LogicalDisk.PercentFreeInodes.Monitor,UnitMonitor,Logical Disk % Free Inodes,Universal Linux Logical Disk % Free Inodes Monitor,SyncTime,string,,,,,,
Microsoft.Linux.Universal.Monitoring,Microsoft.Linux.Universal.OperatingSystem.AvailableMBytesSwap.Monitor,UnitMonitor,Operating System Available Megabytes Swap Space,Universal Linux Operating System Available Megabytes Swap Space Monitor,Enabled,bool,TRUE,,,,,
Microsoft.Linux.Universal.Monitoring,Microsoft.Linux.Universal.OperatingSystem.AvailableMBytesSwap.Monitor,UnitMonitor,Operating System Available Megabytes Swap Space,Universal Linux Operating System Available Megabytes Swap Space Monitor,Interval,int,300,900,600,300,120,
Microsoft.Linux.Universal.Monitoring,Microsoft.Linux.Universal.OperatingSystem.AvailableMBytesSwap.Monitor,UnitMonitor,Operating System Available Megabytes Swap Space,Universal Linux Operating System Available Megabytes Swap Space Monitor,SyncTime,string,,,,,,
Microsoft.Linux.Universal.Monitoring,Microsoft.Linux.Universal.OperatingSystem.AvailableMBytesSwap.Monitor,UnitMonitor,Operating System Available Megabytes Swap Space,Universal Linux Operating System Available Megabytes Swap Space Monitor,NumSamples,int,3,,,,,
Microsoft.Linux.Universal.Monitoring,Microsoft.Linux.Universal.OperatingSystem.AvailableMBytesSwap.Monitor,UnitMonitor,Operating System Available Megabytes Swap Space,Universal Linux Operating System Available Megabytes Swap Space Monitor,Threshold,double,2.5,,,,,
Microsoft.Linux.Universal.Monitoring,Microsoft.Linux.Universal.LogicalDisk.Discovery,Discovery,Discover Universal Linux Logical Disks,This rule discovers Universal Linux Logical Disks.,Enabled,bool,TRUE,,,,,
Microsoft.Linux.Universal.Monitoring,Microsoft.Linux.Universal.LogicalDisk.Discovery,Discovery,Discover Universal Linux Logical Disks,This rule discovers Universal Linux Logical Disks.,ExcludeFileSystemType,string,^(none)$,,,,,
Microsoft.Linux.Universal.Monitoring,Microsoft.Linux.Universal.LogicalDisk.Discovery,Discovery,Discover Universal Linux Logical Disks,This rule discovers Universal Linux Logical Disks.,Interval,int,14400,,,,,
Microsoft.Linux.Universal.Monitoring,Microsoft.Linux.Universal.LogicalDisk.Discovery,Discovery,Discover Universal Linux Logical Disks,This rule discovers Universal Linux Logical Disks.,SyncTime,string,,,,,,
Microsoft.Linux.Universal.Monitoring,Microsoft.Linux.Universal.LogicalDisk.Discovery,Discovery,Discover Universal Linux Logical Disks,This rule discovers Universal Linux Logical Disks.,OutputErrorIfAny,string,,,,,,
Microsoft.Linux.Universal.Monitoring,Microsoft.Linux.Universal.LogicalDisk.Discovery,Discovery,Discover Universal Linux Logical Disks,This rule discovers Universal Linux Logical Disks.,ExcludeFileSystemName,string,^(none)$,,,,,
Microsoft.Linux.Universal.Monitoring,Microsoft.Linux.Universal.OperatingSystem.Discovery,Discovery,Discover Universal Linux Operating System,This rule discovers the Universal Linux Computer Operating System.,Enabled,bool,TRUE,,,,,
Microsoft.Linux.Universal.Monitoring,Microsoft.Linux.Universal.OperatingSystem.Discovery,Discovery,Discover Universal Linux Operating System,This rule discovers the Universal Linux Computer Operating System.,OutputErrorIfAny,string,,,,,,
Microsoft.Linux.Universal.Monitoring,Microsoft.Linux.Universal.OperatingSystem.Discovery,Discovery,Discover Universal Linux Operating System,This rule discovers the Universal Linux Computer Operating System.,Interval,int,14400,,,,,
Microsoft.Linux.Universal.Monitoring,Microsoft.Linux.Universal.OperatingSystem.Discovery,Discovery,Discover Universal Linux Operating System,This rule discovers the Universal Linux Computer Operating System.,SyncTime,string,,,,,,
Microsoft.Linux.Universal.Monitoring,Microsoft.Linux.Universal.NetworkAdapter.Discovery,Discovery,Discover Universal Linux Network Adapters,This rule discovers Universal Linux Network Adapters.,Enabled,bool,TRUE,,,,,
Microsoft.Linux.Universal.Monitoring,Microsoft.Linux.Universal.NetworkAdapter.Discovery,Discovery,Discover Universal Linux Network Adapters,This rule discovers Universal Linux Network Adapters.,OutputErrorIfAny,string,,,,,,
Microsoft.Linux.Universal.Monitoring,Microsoft.Linux.Universal.NetworkAdapter.Discovery,Discovery,Discover Universal Linux Network Adapters,This rule discovers Universal Linux Network Adapters.,SyncTime,string,,,,,,
Microsoft.Linux.Universal.Monitoring,Microsoft.Linux.Universal.NetworkAdapter.Discovery,Discovery,Discover Universal Linux Network Adapters,This rule discovers Universal Linux Network Adapters.,Interval,int,14400,,,,,
Microsoft.Linux.Universal.Monitoring,Microsoft.Linux.Universal.PhysicalDisk.Discovery,Discovery,Discover Universal Linux Physical Disks,This rule discovers Universal Linux Physical Disks.,Enabled,bool,FALSE,,,,,
Microsoft.Linux.Universal.Monitoring,Microsoft.Linux.Universal.PhysicalDisk.Discovery,Discovery,Discover Universal Linux Physical Disks,This rule discovers Universal Linux Physical Disks.,OutputErrorIfAny,string,,,,,,
Microsoft.Linux.Universal.Monitoring,Microsoft.Linux.Universal.PhysicalDisk.Discovery,Discovery,Discover Universal Linux Physical Disks,This rule discovers Universal Linux Physical Disks.,SyncTime,string,,,,,,
Microsoft.Linux.Universal.Monitoring,Microsoft.Linux.Universal.PhysicalDisk.Discovery,Discovery,Discover Universal Linux Physical Disks,This rule discovers Universal Linux Physical Disks.,Interval,int,14400,,,,,
Microsoft.Linux.Universal.Monitoring,Microsoft.Linux.Universal.Processor.Discovery,Discovery,Discover Universal Linux Processor,This rule discovers the Universal Linux Computer Processor.,Enabled,bool,FALSE,,,,,
Microsoft.Linux.Universal.Monitoring,Microsoft.Linux.Universal.Processor.Discovery,Discovery,Discover Universal Linux Processor,This rule discovers the Universal Linux Computer Processor.,OutputErrorIfAny,string,,,,,,
Microsoft.Linux.Universal.Monitoring,Microsoft.Linux.Universal.Processor.Discovery,Discovery,Discover Universal Linux Processor,This rule discovers the Universal Linux Computer Processor.,SyncTime,string,,,,,,
Microsoft.Linux.Universal.Monitoring,Microsoft.Linux.Universal.Processor.Discovery,Discovery,Discover Universal Linux Processor,This rule discovers the Universal Linux Computer Processor.,Interval,int,14400,,,,,
Microsoft.Linux.UniversalD.1,Microsoft.Linux.UniversalD.1.CopyAgentKits.Rule,Rule,Distribute Universal Linux (Debian) Agent to Management Servers,This rule deploys the bundled niversal Linux (Debian)  agent packages to Management Servers,Enabled,bool,TRUE,,,,,
Microsoft.Linux.UniversalD.1,Microsoft.Linux.UniversalD.1.x86.Discovery,Discovery,Discover Universal Linux x86 (Debian) Supported Agent Information,"This rule discovers supported agent information for Universal Linux on x86 Computers. This is used internally by the Discovery Wizard, do not modify.",Enabled,bool,TRUE,,,,,
Microsoft.Linux.UniversalD.1,Microsoft.Linux.UniversalD.1.x64.Discovery,Discovery,Discover Universal Linux x64 (Debian) Supported Agent Information,"This rule discovers supported agent information for Universal Linux on x64 Computers. This is used internally by the Discovery Wizard, do not modify.",Enabled,bool,TRUE,,,,,
Microsoft.Linux.UniversalD.1,Microsoft.Linux.UniversalD.1.Computer.Discovery,Discovery,Discover Universal Linux (Debian) Computer,This rule discovers Universal Linux Computers,Enabled,bool,TRUE,,,,,
Microsoft.Linux.UniversalD.1,Microsoft.Linux.UniversalD.1.Computer.Discovery,Discovery,Discover Universal Linux (Debian) Computer,This rule discovers Universal Linux Computers,SyncTime,string,,,,,,
Microsoft.Linux.UniversalD.1,Microsoft.Linux.UniversalD.1.Computer.Discovery,Discovery,Discover Universal Linux (Debian) Computer,This rule discovers Universal Linux Computers,OutputErrorIfAny,string,,,,,,
Microsoft.Linux.UniversalD.1,Microsoft.Linux.UniversalD.1.Computer.Discovery,Discovery,Discover Universal Linux (Debian) Computer,This rule discovers Universal Linux Computers,Interval,int,14400,,,,,
Microsoft.Linux.UniversalR.1,Microsoft.Linux.UniversalR.1.CopyAgentKits.Rule,Rule,Distribute Universal Linux (RPM) Agent to Management Servers,This rule deploys the bundled niversal Linux (RPM)  agent packages to Management Servers,Enabled,bool,TRUE,,,,,
Microsoft.Linux.UniversalR.1,Microsoft.Linux.UniversalR.1.x64.Discovery,Discovery,Discover Universal Linux x64 (RPM) Supported Agent Information,"This rule discovers supported agent information for Universal Linux on x64 Computers. This is used internally by the Discovery Wizard, do not modify.",Enabled,bool,TRUE,,,,,
Microsoft.Linux.UniversalR.1,Microsoft.Linux.UniversalR.1.Computer.Discovery,Discovery,Discover Universal Linux (RPM) Computer,This rule discovers Universal Linux Computers,Enabled,bool,TRUE,,,,,
Microsoft.Linux.UniversalR.1,Microsoft.Linux.UniversalR.1.Computer.Discovery,Discovery,Discover Universal Linux (RPM) Computer,This rule discovers Universal Linux Computers,SyncTime,string,,,,,,
Microsoft.Linux.UniversalR.1,Microsoft.Linux.UniversalR.1.Computer.Discovery,Discovery,Discover Universal Linux (RPM) Computer,This rule discovers Universal Linux Computers,OutputErrorIfAny,string,,,,,,
Microsoft.Linux.UniversalR.1,Microsoft.Linux.UniversalR.1.Computer.Discovery,Discovery,Discover Universal Linux (RPM) Computer,This rule discovers Universal Linux Computers,Interval,int,14400,,,,,
Microsoft.Linux.UniversalR.1,Microsoft.Linux.UniversalR.1.x86.Discovery,Discovery,Discover Universal Linux x86 (RPM) Supported Agent Information,"This rule discovers supported agent information for Universal Linux on x86 Computers. This is used internally by the Discovery Wizard, do not modify.",Enabled,bool,TRUE,,,,,
