ManagementPackId,WorkflowId,WorkflowType,DisplayName,Description,OverrideParameterName,OverrideParameterType,DefaultValue,Notes
Microsoft.SystemCenter.VirtualMachineManager.2016.Discovery,Microsoft.SystemCenter.VirtualMachineManager.2016.UplinkPort.DiscoveryRule,Discovery,Uplink Port and Network Connection Discovery,Uplink Port discovery for Virtual Switches and their connection with computer network adapters.,Enabled,bool,TRUE,
Microsoft.SystemCenter.VirtualMachineManager.2016.Discovery,Microsoft.SystemCenter.VirtualMachineManager.2016.UplinkPort.DiscoveryRule,Discovery,Uplink Port and Network Connection Discovery,Uplink Port discovery for Virtual Switches and their connection with computer network adapters.,IntervalSeconds,int,1800,
Microsoft.SystemCenter.VirtualMachineManager.2016.Discovery,Microsoft.SystemCenter.VirtualMachineManager.2016.UplinkPort.DiscoveryRule,Discovery,Uplink Port and Network Connection Discovery,Uplink Port discovery for Virtual Switches and their connection with computer network adapters.,TimeoutSeconds,int,120,
Microsoft.SystemCenter.VirtualMachineManager.2016.Discovery,Microsoft.SystemCenter.VirtualMachineManager.2016.UplinkPort.DiscoveryRule,Discovery,Uplink Port and Network Connection Discovery,Uplink Port discovery for Virtual Switches and their connection with computer network adapters.,SyncTime,string,,
Microsoft.SystemCenter.VirtualMachineManager.2016.Discovery,Microsoft.SystemCenter.VirtualMachineManager.2016.VirtualizationCandidateComputer.DiscoveryRule,Discovery,Virtualization Candidate Computer Discovery,Virtualization candidate computer discovery,Enabled,bool,TRUE,
Microsoft.SystemCenter.VirtualMachineManager.2016.Discovery,Microsoft.SystemCenter.VirtualMachineManager.2016.VirtualizationCandidateComputer.DiscoveryRule,Discovery,Virtualization Candidate Computer Discovery,Virtualization candidate computer discovery,IntervalSeconds,int,14400,
Microsoft.SystemCenter.VirtualMachineManager.2016.Monitoring,Microsoft.SystemCenter.VirtualMachineManager.2016.CriticalFailureRule,Rule,System Center 2016 Virtual Machine Manager Critical Failure Rule,,Enabled,bool,TRUE,
Microsoft.SystemCenter.VirtualMachineManager.2016.Monitoring,Microsoft.SystemCenter.VirtualMachineManager.2016.CriticalFailureRule,Rule,System Center 2016 Virtual Machine Manager Critical Failure Rule,,Severity,int,2,
Microsoft.SystemCenter.VirtualMachineManager.2016.Monitoring,Microsoft.SystemCenter.VirtualMachineManager.2016.CriticalFailureRule,Rule,System Center 2016 Virtual Machine Manager Critical Failure Rule,,Priority,int,2,
Microsoft.SystemCenter.VirtualMachineManager.2016.Monitoring,Microsoft.SystemCenter.VirtualMachineManager.2016.LoadBalancerStateMonitor,UnitMonitor,System Center 2016 Virtual Machine Manager Load BalancerState,Monitors the state of the Load Balancer,Enabled,bool,TRUE,
Microsoft.SystemCenter.VirtualMachineManager.2016.Monitoring,Microsoft.SystemCenter.VirtualMachineManager.2016.LoadBalancerStateMonitor,UnitMonitor,System Center 2016 Virtual Machine Manager Load BalancerState,Monitors the state of the Load Balancer,TimeoutSeconds,int,180,
Microsoft.SystemCenter.VirtualMachineManager.2016.Monitoring,Microsoft.SystemCenter.VirtualMachineManager.2016.LoadBalancerStateMonitor,UnitMonitor,System Center 2016 Virtual Machine Manager Load BalancerState,Monitors the state of the Load Balancer,IntervalSeconds,int,180,
Microsoft.SystemCenter.VirtualMachineManager.2016.Monitoring,Microsoft.SystemCenter.VirtualMachineManager.2016.WinRMVersionMonitor,UnitMonitor,System Center 2016 Virtual Machine Manager WinRM Version,Monitors whether the correct version of Windows Remote Management is installed,Enabled,bool,TRUE,
Microsoft.SystemCenter.VirtualMachineManager.2016.Monitoring,Microsoft.SystemCenter.VirtualMachineManager.2016.WinRMVersionMonitor,UnitMonitor,System Center 2016 Virtual Machine Manager WinRM Version,Monitors whether the correct version of Windows Remote Management is installed,IntervalSeconds,int,7200,
Microsoft.SystemCenter.VirtualMachineManager.2016.Monitoring,Microsoft.SystemCenter.VirtualMachineManager.2016.WinRMVersionMonitor,UnitMonitor,System Center 2016 Virtual Machine Manager WinRM Version,Monitors whether the correct version of Windows Remote Management is installed,TimeoutSeconds,int,300,
Microsoft.SystemCenter.VirtualMachineManager.2016.Monitoring,Microsoft.SystemCenter.VirtualMachineManager.2016.VMMAgentMonitoredByOpsMgrMonitor,UnitMonitor,System Center 2016 Virtual Machine Manager VMM Agent Monitored By OpsMgr,Monitors wheher the VMM agent is monitored by Operations Manager,Enabled,bool,TRUE,
Microsoft.SystemCenter.VirtualMachineManager.2016.Monitoring,Microsoft.SystemCenter.VirtualMachineManager.2016.VMMAgentMonitoredByOpsMgrMonitor,UnitMonitor,System Center 2016 Virtual Machine Manager VMM Agent Monitored By OpsMgr,Monitors wheher the VMM agent is monitored by Operations Manager,TimeoutSeconds,int,300,
Microsoft.SystemCenter.VirtualMachineManager.2016.Monitoring,Microsoft.SystemCenter.VirtualMachineManager.2016.VMMAgentMonitoredByOpsMgrMonitor,UnitMonitor,System Center 2016 Virtual Machine Manager VMM Agent Monitored By OpsMgr,Monitors wheher the VMM agent is monitored by Operations Manager,IntervalSeconds,int,300,
Microsoft.SystemCenter.VirtualMachineManager.2016.Monitoring,Microsoft.SystemCenter.VirtualMachineManager.2016.CloudCPUUsageCountMonitor,UnitMonitor,System Center 2016 Virtual Machine Manager Cloud CPUUsageCount,Monitors the private cloud CPU usage count,Enabled,bool,TRUE,
Microsoft.SystemCenter.VirtualMachineManager.2016.Monitoring,Microsoft.SystemCenter.VirtualMachineManager.2016.CloudCPUUsageCountMonitor,UnitMonitor,System Center 2016 Virtual Machine Manager Cloud CPUUsageCount,Monitors the private cloud CPU usage count,IntervalSeconds,int,1800,
Microsoft.SystemCenter.VirtualMachineManager.2016.Monitoring,Microsoft.SystemCenter.VirtualMachineManager.2016.CloudCPUUsageCountMonitor,UnitMonitor,System Center 2016 Virtual Machine Manager Cloud CPUUsageCount,Monitors the private cloud CPU usage count,CriticalThreshold,int,90,
Microsoft.SystemCenter.VirtualMachineManager.2016.Monitoring,Microsoft.SystemCenter.VirtualMachineManager.2016.CloudCPUUsageCountMonitor,UnitMonitor,System Center 2016 Virtual Machine Manager Cloud CPUUsageCount,Monitors the private cloud CPU usage count,TimeoutSeconds,int,300,
Microsoft.SystemCenter.VirtualMachineManager.2016.Monitoring,Microsoft.SystemCenter.VirtualMachineManager.2016.HostClusterUpdate951308Monitor,UnitMonitor,System Center 2016 Virtual Machine Manager Host Cluster Update 951308,Monitors whether VMM host cluster update 951308 is installed,Enabled,bool,FALSE,
Microsoft.SystemCenter.VirtualMachineManager.2016.Monitoring,Microsoft.SystemCenter.VirtualMachineManager.2016.HostClusterUpdate951308Monitor,UnitMonitor,System Center 2016 Virtual Machine Manager Host Cluster Update 951308,Monitors whether VMM host cluster update 951308 is installed,Arguments,string,6.0.6001.22231,
Microsoft.SystemCenter.VirtualMachineManager.2016.Monitoring,Microsoft.SystemCenter.VirtualMachineManager.2016.HostClusterUpdate951308Monitor,UnitMonitor,System Center 2016 Virtual Machine Manager Host Cluster Update 951308,Monitors whether VMM host cluster update 951308 is installed,TimeoutSeconds,int,300,
Microsoft.SystemCenter.VirtualMachineManager.2016.Monitoring,Microsoft.SystemCenter.VirtualMachineManager.2016.HostClusterUpdate951308Monitor,UnitMonitor,System Center 2016 Virtual Machine Manager Host Cluster Update 951308,Monitors whether VMM host cluster update 951308 is installed,SyncTime,string,,
Microsoft.SystemCenter.VirtualMachineManager.2016.Monitoring,Microsoft.SystemCenter.VirtualMachineManager.2016.HostClusterUpdate951308Monitor,UnitMonitor,System Center 2016 Virtual Machine Manager Host Cluster Update 951308,Monitors whether VMM host cluster update 951308 is installed,IntervalSeconds,int,86400,
Microsoft.SystemCenter.VirtualMachineManager.2016.Monitoring,Microsoft.SystemCenter.VirtualMachineManager.2016.CloudCustomQuotaUsageCountMonitor,UnitMonitor,System Center 2016 Virtual Machine Manager Cloud CustomQuotaUsageCount,Monitors the private cloud custom quota usage count,Enabled,bool,TRUE,
Microsoft.SystemCenter.VirtualMachineManager.2016.Monitoring,Microsoft.SystemCenter.VirtualMachineManager.2016.CloudCustomQuotaUsageCountMonitor,UnitMonitor,System Center 2016 Virtual Machine Manager Cloud CustomQuotaUsageCount,Monitors the private cloud custom quota usage count,IntervalSeconds,int,1800,
Microsoft.SystemCenter.VirtualMachineManager.2016.Monitoring,Microsoft.SystemCenter.VirtualMachineManager.2016.CloudCustomQuotaUsageCountMonitor,UnitMonitor,System Center 2016 Virtual Machine Manager Cloud CustomQuotaUsageCount,Monitors the private cloud custom quota usage count,CriticalThreshold,int,90,
Microsoft.SystemCenter.VirtualMachineManager.2016.Monitoring,Microsoft.SystemCenter.VirtualMachineManager.2016.CloudCustomQuotaUsageCountMonitor,UnitMonitor,System Center 2016 Virtual Machine Manager Cloud CustomQuotaUsageCount,Monitors the private cloud custom quota usage count,TimeoutSeconds,int,300,
Microsoft.SystemCenter.VirtualMachineManager.2016.Monitoring,Microsoft.SystemCenter.VirtualMachineManager.2016.VMMManagementServer.VMMService.Monitor,UnitMonitor,System Center 2016 Virtual Machine Manager VMMService,Monitors the state of the System Center Virtual Machine Manager service,Enabled,bool,TRUE,
Microsoft.SystemCenter.VirtualMachineManager.2016.Monitoring,Microsoft.SystemCenter.VirtualMachineManager.2016.VMMManagementServer.VMMService.Monitor,UnitMonitor,System Center 2016 Virtual Machine Manager VMMService,Monitors the state of the System Center Virtual Machine Manager service,CheckStartupType,string,,
Microsoft.SystemCenter.VirtualMachineManager.2016.Monitoring,Microsoft.SystemCenter.VirtualMachineManager.2016.ImageManagementService.Monitor,UnitMonitor,System Center 2016 Virtual Machine Manager ImageManagementService,Monitors the state of the Hyper-V Image Management service (VHDSVC.exe),Enabled,bool,FALSE,
Microsoft.SystemCenter.VirtualMachineManager.2016.Monitoring,Microsoft.SystemCenter.VirtualMachineManager.2016.ImageManagementService.Monitor,UnitMonitor,System Center 2016 Virtual Machine Manager ImageManagementService,Monitors the state of the Hyper-V Image Management service (VHDSVC.exe),CheckStartupType,string,FALSE,
Microsoft.SystemCenter.VirtualMachineManager.2016.Monitoring,Microsoft.SystemCenter.VirtualMachineManager.2016.VMMAgentReachableMonitor,UnitMonitor,System Center 2016 Virtual Machine Manager VMM Agent Reachable,Monitors whether the VMM agent is reachable,Enabled,bool,TRUE,
Microsoft.SystemCenter.VirtualMachineManager.2016.Monitoring,Microsoft.SystemCenter.VirtualMachineManager.2016.VMMAgentReachableMonitor,UnitMonitor,System Center 2016 Virtual Machine Manager VMM Agent Reachable,Monitors whether the VMM agent is reachable,TimeoutSeconds,int,300,
Microsoft.SystemCenter.VirtualMachineManager.2016.Monitoring,Microsoft.SystemCenter.VirtualMachineManager.2016.VMMAgentReachableMonitor,UnitMonitor,System Center 2016 Virtual Machine Manager VMM Agent Reachable,Monitors whether the VMM agent is reachable,IntervalSeconds,int,300,
Microsoft.SystemCenter.VirtualMachineManager.2016.Monitoring,Microsoft.SystemCenter.VirtualMachineManager.2016.VSEMHealthMonitor,UnitMonitor,System Center 2016 Virtual Machine Manager Virtual Switch Extension Manager,Monitors the health of the Virtual Switch Extension Managers in VMM,Enabled,bool,TRUE,
Microsoft.SystemCenter.VirtualMachineManager.2016.Monitoring,Microsoft.SystemCenter.VirtualMachineManager.2016.VMMConnectVirtualCenterMonitor,UnitMonitor,System Center 2016 Virtual Machine Manager VMM Connect Virtual Center,Monitors the state of the VMM connection to VMware vCenter,Enabled,bool,TRUE,
Microsoft.SystemCenter.VirtualMachineManager.2016.Monitoring,Microsoft.SystemCenter.VirtualMachineManager.2016.VMMConnectVirtualCenterMonitor,UnitMonitor,System Center 2016 Virtual Machine Manager VMM Connect Virtual Center,Monitors the state of the VMM connection to VMware vCenter,TimeoutSeconds,int,300,
Microsoft.SystemCenter.VirtualMachineManager.2016.Monitoring,Microsoft.SystemCenter.VirtualMachineManager.2016.VMMConnectVirtualCenterMonitor,UnitMonitor,System Center 2016 Virtual Machine Manager VMM Connect Virtual Center,Monitors the state of the VMM connection to VMware vCenter,IntervalSeconds,int,7200,
Microsoft.SystemCenter.VirtualMachineManager.2016.Monitoring,Microsoft.SystemCenter.VirtualMachineManager.2016.VMMUpdate971244Monitor,UnitMonitor,System Center 2016 Virtual Machine Manager Update 971244,Monitors the presence of VMM update 971244,Enabled,bool,TRUE,
Microsoft.SystemCenter.VirtualMachineManager.2016.Monitoring,Microsoft.SystemCenter.VirtualMachineManager.2016.VMMUpdate971244Monitor,UnitMonitor,System Center 2016 Virtual Machine Manager Update 971244,Monitors the presence of VMM update 971244,Arguments,string,,
Microsoft.SystemCenter.VirtualMachineManager.2016.Monitoring,Microsoft.SystemCenter.VirtualMachineManager.2016.VMMUpdate971244Monitor,UnitMonitor,System Center 2016 Virtual Machine Manager Update 971244,Monitors the presence of VMM update 971244,TimeoutSeconds,int,300,
Microsoft.SystemCenter.VirtualMachineManager.2016.Monitoring,Microsoft.SystemCenter.VirtualMachineManager.2016.VMMUpdate971244Monitor,UnitMonitor,System Center 2016 Virtual Machine Manager Update 971244,Monitors the presence of VMM update 971244,SyncTime,string,,
Microsoft.SystemCenter.VirtualMachineManager.2016.Monitoring,Microsoft.SystemCenter.VirtualMachineManager.2016.VMMUpdate971244Monitor,UnitMonitor,System Center 2016 Virtual Machine Manager Update 971244,Monitors the presence of VMM update 971244,IntervalSeconds,int,86400,
Microsoft.SystemCenter.VirtualMachineManager.2016.Monitoring,Microsoft.SystemCenter.VirtualMachineManager.2016.HyperVHostUpdate958184Monitor,UnitMonitor,System Center 2016 Virtual Machine Manager Hyper-V Host Update 958184,Monitors whether the VMM Hyper-V host update 958184 is installed,Enabled,bool,FALSE,
Microsoft.SystemCenter.VirtualMachineManager.2016.Monitoring,Microsoft.SystemCenter.VirtualMachineManager.2016.HyperVHostUpdate958184Monitor,UnitMonitor,System Center 2016 Virtual Machine Manager Hyper-V Host Update 958184,Monitors whether the VMM Hyper-V host update 958184 is installed,FileName,string,Vmms.exe,
Microsoft.SystemCenter.VirtualMachineManager.2016.Monitoring,Microsoft.SystemCenter.VirtualMachineManager.2016.HyperVHostUpdate958184Monitor,UnitMonitor,System Center 2016 Virtual Machine Manager Hyper-V Host Update 958184,Monitors whether the VMM Hyper-V host update 958184 is installed,IntervalSeconds,int,86400,
Microsoft.SystemCenter.VirtualMachineManager.2016.Monitoring,Microsoft.SystemCenter.VirtualMachineManager.2016.HyperVHostUpdate958184Monitor,UnitMonitor,System Center 2016 Virtual Machine Manager Hyper-V Host Update 958184,Monitors whether the VMM Hyper-V host update 958184 is installed,TimeoutSeconds,int,300,
Microsoft.SystemCenter.VirtualMachineManager.2016.Monitoring,Microsoft.SystemCenter.VirtualMachineManager.2016.HyperVHostUpdate958184Monitor,UnitMonitor,System Center 2016 Virtual Machine Manager Hyper-V Host Update 958184,Monitors whether the VMM Hyper-V host update 958184 is installed,ParentPath,string,%windir%\System32,
Microsoft.SystemCenter.VirtualMachineManager.2016.Monitoring,Microsoft.SystemCenter.VirtualMachineManager.2016.HyperVHostUpdate958184Monitor,UnitMonitor,System Center 2016 Virtual Machine Manager Hyper-V Host Update 958184,Monitors whether the VMM Hyper-V host update 958184 is installed,ExpectedVersion,string,6.0.6001.22276,
Microsoft.SystemCenter.VirtualMachineManager.2016.Monitoring,Microsoft.SystemCenter.VirtualMachineManager.2016.VMMServerWinRMService.Monitor,UnitMonitor,System Center 2016 Virtual Machine Manager WinRM Service targeted against VMM Server,Monitors the state of the Windows Remote Management (WS-Management) service that is targeted against the VMM management server,Enabled,bool,TRUE,
Microsoft.SystemCenter.VirtualMachineManager.2016.Monitoring,Microsoft.SystemCenter.VirtualMachineManager.2016.VMMServerWinRMService.Monitor,UnitMonitor,System Center 2016 Virtual Machine Manager WinRM Service targeted against VMM Server,Monitors the state of the Windows Remote Management (WS-Management) service that is targeted against the VMM management server,CheckStartupType,string,,
Microsoft.SystemCenter.VirtualMachineManager.2016.Monitoring,Microsoft.SystemCenter.VirtualMachineManager.2016.HostNoOfVMsRunningMonitor,UnitMonitor,System Center 2016 Virtual Machine Manager Host Number Of VMs Running,Monitors whether the host has exceeded the supported maximum number of running virtual machines,Enabled,bool,TRUE,
Microsoft.SystemCenter.VirtualMachineManager.2016.Monitoring,Microsoft.SystemCenter.VirtualMachineManager.2016.HostNoOfVMsRunningMonitor,UnitMonitor,System Center 2016 Virtual Machine Manager Host Number Of VMs Running,Monitors whether the host has exceeded the supported maximum number of running virtual machines,IntervalSeconds,int,7200,
Microsoft.SystemCenter.VirtualMachineManager.2016.Monitoring,Microsoft.SystemCenter.VirtualMachineManager.2016.HostNoOfVMsRunningMonitor,UnitMonitor,System Center 2016 Virtual Machine Manager Host Number Of VMs Running,Monitors whether the host has exceeded the supported maximum number of running virtual machines,ExpectedValue,int,384,
Microsoft.SystemCenter.VirtualMachineManager.2016.Monitoring,Microsoft.SystemCenter.VirtualMachineManager.2016.HostNoOfVMsRunningMonitor,UnitMonitor,System Center 2016 Virtual Machine Manager Host Number Of VMs Running,Monitors whether the host has exceeded the supported maximum number of running virtual machines,TimeoutSeconds,int,300,
Microsoft.SystemCenter.VirtualMachineManager.2016.Monitoring,Microsoft.SystemCenter.VirtualMachineManager.2016.PortConnectionMonitor,UnitMonitor,System Center 2016 Virtual Machine Manager External Switch Connection,Monitors the connectivity of the Hyper-V virtual network ports,Enabled,bool,FALSE,
Microsoft.SystemCenter.VirtualMachineManager.2016.Monitoring,Microsoft.SystemCenter.VirtualMachineManager.2016.VirtualNetworkAdapter.MacAddressAvailabilityMonitor,UnitMonitor,System Center 2016 Virtual Machine Manager Mac Address,Monitors whether the host-assigned MAC address pool is out of addresses,Enabled,bool,FALSE,
Microsoft.SystemCenter.VirtualMachineManager.2016.Monitoring,Microsoft.SystemCenter.VirtualMachineManager.2016.VMVGSInstalledMonitor,UnitMonitor,System Center 2016 Virtual Machine Manager VM VGS Installed,Monitors the presence of Virtual Guest Services (VGS),Enabled,bool,TRUE,
Microsoft.SystemCenter.VirtualMachineManager.2016.Monitoring,Microsoft.SystemCenter.VirtualMachineManager.2016.VMVGSInstalledMonitor,UnitMonitor,System Center 2016 Virtual Machine Manager VM VGS Installed,Monitors the presence of Virtual Guest Services (VGS),TimeoutSeconds,int,300,
Microsoft.SystemCenter.VirtualMachineManager.2016.Monitoring,Microsoft.SystemCenter.VirtualMachineManager.2016.VMVGSInstalledMonitor,UnitMonitor,System Center 2016 Virtual Machine Manager VM VGS Installed,Monitors the presence of Virtual Guest Services (VGS),IntervalSeconds,int,7200,
Microsoft.SystemCenter.VirtualMachineManager.2016.Monitoring,Microsoft.SystemCenter.VirtualMachineManager.2016.OpsMgrConsoleMonitor,UnitMonitor,System Center 2016 Virtual Machine Manager Operations Manager Console,Monitors the presence of the Operations Manager Operations console,Enabled,bool,TRUE,
Microsoft.SystemCenter.VirtualMachineManager.2016.Monitoring,Microsoft.SystemCenter.VirtualMachineManager.2016.OpsMgrConsoleMonitor,UnitMonitor,System Center 2016 Virtual Machine Manager Operations Manager Console,Monitors the presence of the Operations Manager Operations console,Arguments,string,,
Microsoft.SystemCenter.VirtualMachineManager.2016.Monitoring,Microsoft.SystemCenter.VirtualMachineManager.2016.OpsMgrConsoleMonitor,UnitMonitor,System Center 2016 Virtual Machine Manager Operations Manager Console,Monitors the presence of the Operations Manager Operations console,TimeoutSeconds,int,300,
Microsoft.SystemCenter.VirtualMachineManager.2016.Monitoring,Microsoft.SystemCenter.VirtualMachineManager.2016.OpsMgrConsoleMonitor,UnitMonitor,System Center 2016 Virtual Machine Manager Operations Manager Console,Monitors the presence of the Operations Manager Operations console,SyncTime,string,,
Microsoft.SystemCenter.VirtualMachineManager.2016.Monitoring,Microsoft.SystemCenter.VirtualMachineManager.2016.OpsMgrConsoleMonitor,UnitMonitor,System Center 2016 Virtual Machine Manager Operations Manager Console,Monitors the presence of the Operations Manager Operations console,IntervalSeconds,int,7200,
Microsoft.SystemCenter.VirtualMachineManager.2016.Monitoring,Microsoft.SystemCenter.VirtualMachineManager.2016.UserRoleVMCountMonitor,UnitMonitor,System Center 2016 Virtual Machine Manager UserRole VMCount,Monitors the user role VMCount quota,Enabled,bool,TRUE,
Microsoft.SystemCenter.VirtualMachineManager.2016.Monitoring,Microsoft.SystemCenter.VirtualMachineManager.2016.UserRoleVMCountMonitor,UnitMonitor,System Center 2016 Virtual Machine Manager UserRole VMCount,Monitors the user role VMCount quota,TimeoutSeconds,int,300,
Microsoft.SystemCenter.VirtualMachineManager.2016.Monitoring,Microsoft.SystemCenter.VirtualMachineManager.2016.UserRoleVMCountMonitor,UnitMonitor,System Center 2016 Virtual Machine Manager UserRole VMCount,Monitors the user role VMCount quota,IntervalSeconds,int,1800,
Microsoft.SystemCenter.VirtualMachineManager.2016.Monitoring,Microsoft.SystemCenter.VirtualMachineManager.2016.UserRoleVMCountMonitor,UnitMonitor,System Center 2016 Virtual Machine Manager UserRole VMCount,Monitors the user role VMCount quota,CriticalThreshold,double,90,
Microsoft.SystemCenter.VirtualMachineManager.2016.Monitoring,Microsoft.SystemCenter.VirtualMachineManager.2016.UserRoleVMCountMonitor,UnitMonitor,System Center 2016 Virtual Machine Manager UserRole VMCount,Monitors the user role VMCount quota,WarningThreshold,double,80,
Microsoft.SystemCenter.VirtualMachineManager.2016.Monitoring,Microsoft.SystemCenter.VirtualMachineManager.2016.InvalidDynamicAddressMonitor,UnitMonitor,System Center 2016 Virtual Machine Manager VNic Dynamic Address,Monitors whether the dynamic MAC address is valid.,Enabled,bool,FALSE,
Microsoft.SystemCenter.VirtualMachineManager.2016.Monitoring,Microsoft.SystemCenter.VirtualMachineManager.2016.ApplicationStateMonitor,UnitMonitor,System Center 2016 Virtual Machine Manager Application Instance State,Monitors the state of the Application Instance,Enabled,bool,TRUE,
Microsoft.SystemCenter.VirtualMachineManager.2016.Monitoring,Microsoft.SystemCenter.VirtualMachineManager.2016.ApplicationStateMonitor,UnitMonitor,System Center 2016 Virtual Machine Manager Application Instance State,Monitors the state of the Application Instance,TimeoutSeconds,int,180,
Microsoft.SystemCenter.VirtualMachineManager.2016.Monitoring,Microsoft.SystemCenter.VirtualMachineManager.2016.ApplicationStateMonitor,UnitMonitor,System Center 2016 Virtual Machine Manager Application Instance State,Monitors the state of the Application Instance,IntervalSeconds,int,180,
Microsoft.SystemCenter.VirtualMachineManager.2016.Monitoring,Microsoft.SystemCenter.VirtualMachineManager.2016.HostMemoryUtilizationMonitor,UnitMonitor,System Center 2016 Virtual Machine Manager Host Memory Utilization,Monitors the host memory utilization,Enabled,bool,TRUE,
Microsoft.SystemCenter.VirtualMachineManager.2016.Monitoring,Microsoft.SystemCenter.VirtualMachineManager.2016.HostMemoryUtilizationMonitor,UnitMonitor,System Center 2016 Virtual Machine Manager Host Memory Utilization,Monitors the host memory utilization,CriticalThreshold,int,95,
Microsoft.SystemCenter.VirtualMachineManager.2016.Monitoring,Microsoft.SystemCenter.VirtualMachineManager.2016.HostMemoryUtilizationMonitor,UnitMonitor,System Center 2016 Virtual Machine Manager Host Memory Utilization,Monitors the host memory utilization,NumSamples,int,3,
Microsoft.SystemCenter.VirtualMachineManager.2016.Monitoring,Microsoft.SystemCenter.VirtualMachineManager.2016.HostMemoryUtilizationMonitor,UnitMonitor,System Center 2016 Virtual Machine Manager Host Memory Utilization,Monitors the host memory utilization,WarningThreshold,int,90,
Microsoft.SystemCenter.VirtualMachineManager.2016.Monitoring,Microsoft.SystemCenter.VirtualMachineManager.2016.HostMemoryUtilizationMonitor,UnitMonitor,System Center 2016 Virtual Machine Manager Host Memory Utilization,Monitors the host memory utilization,IntervalSeconds,int,180,
Microsoft.SystemCenter.VirtualMachineManager.2016.Monitoring,Microsoft.SystemCenter.VirtualMachineManager.2016.HyperVHostUpdate959978Monitor,UnitMonitor,System Center 2016 Virtual Machine Manager Hyper-V Host Update 959978,Monitors whether the VMM Hyper-V host update 959978 is installed,Enabled,bool,FALSE,
Microsoft.SystemCenter.VirtualMachineManager.2016.Monitoring,Microsoft.SystemCenter.VirtualMachineManager.2016.HyperVHostUpdate959978Monitor,UnitMonitor,System Center 2016 Virtual Machine Manager Hyper-V Host Update 959978,Monitors whether the VMM Hyper-V host update 959978 is installed,FileName,string,Vssvc.exe,
Microsoft.SystemCenter.VirtualMachineManager.2016.Monitoring,Microsoft.SystemCenter.VirtualMachineManager.2016.HyperVHostUpdate959978Monitor,UnitMonitor,System Center 2016 Virtual Machine Manager Hyper-V Host Update 959978,Monitors whether the VMM Hyper-V host update 959978 is installed,IntervalSeconds,int,86400,
Microsoft.SystemCenter.VirtualMachineManager.2016.Monitoring,Microsoft.SystemCenter.VirtualMachineManager.2016.HyperVHostUpdate959978Monitor,UnitMonitor,System Center 2016 Virtual Machine Manager Hyper-V Host Update 959978,Monitors whether the VMM Hyper-V host update 959978 is installed,TimeoutSeconds,int,300,
Microsoft.SystemCenter.VirtualMachineManager.2016.Monitoring,Microsoft.SystemCenter.VirtualMachineManager.2016.HyperVHostUpdate959978Monitor,UnitMonitor,System Center 2016 Virtual Machine Manager Hyper-V Host Update 959978,Monitors whether the VMM Hyper-V host update 959978 is installed,ParentPath,string,%windir%\System32,
Microsoft.SystemCenter.VirtualMachineManager.2016.Monitoring,Microsoft.SystemCenter.VirtualMachineManager.2016.HyperVHostUpdate959978Monitor,UnitMonitor,System Center 2016 Virtual Machine Manager Hyper-V Host Update 959978,Monitors whether the VMM Hyper-V host update 959978 is installed,ExpectedVersion,string,6.0.6001.22308,
Microsoft.SystemCenter.VirtualMachineManager.2016.Monitoring,Microsoft.SystemCenter.VirtualMachineManager.2016.HyperVHostUpdate956774Monitor,UnitMonitor,System Center 2016 Virtual Machine Manager Hyper-V Host Update 956774,Monitors whether the VMM Hyper-V host update 956774 is installed,Enabled,bool,FALSE,
Microsoft.SystemCenter.VirtualMachineManager.2016.Monitoring,Microsoft.SystemCenter.VirtualMachineManager.2016.HyperVHostUpdate956774Monitor,UnitMonitor,System Center 2016 Virtual Machine Manager Hyper-V Host Update 956774,Monitors whether the VMM Hyper-V host update 956774 is installed,FileName,string,qmgr.dll,
Microsoft.SystemCenter.VirtualMachineManager.2016.Monitoring,Microsoft.SystemCenter.VirtualMachineManager.2016.HyperVHostUpdate956774Monitor,UnitMonitor,System Center 2016 Virtual Machine Manager Hyper-V Host Update 956774,Monitors whether the VMM Hyper-V host update 956774 is installed,IntervalSeconds,int,86400,
Microsoft.SystemCenter.VirtualMachineManager.2016.Monitoring,Microsoft.SystemCenter.VirtualMachineManager.2016.HyperVHostUpdate956774Monitor,UnitMonitor,System Center 2016 Virtual Machine Manager Hyper-V Host Update 956774,Monitors whether the VMM Hyper-V host update 956774 is installed,TimeoutSeconds,int,300,
Microsoft.SystemCenter.VirtualMachineManager.2016.Monitoring,Microsoft.SystemCenter.VirtualMachineManager.2016.HyperVHostUpdate956774Monitor,UnitMonitor,System Center 2016 Virtual Machine Manager Hyper-V Host Update 956774,Monitors whether the VMM Hyper-V host update 956774 is installed,ParentPath,string,%windir%\System32,
Microsoft.SystemCenter.VirtualMachineManager.2016.Monitoring,Microsoft.SystemCenter.VirtualMachineManager.2016.HyperVHostUpdate956774Monitor,UnitMonitor,System Center 2016 Virtual Machine Manager Hyper-V Host Update 956774,Monitors whether the VMM Hyper-V host update 956774 is installed,ExpectedVersion,string,7.0.6000.20899,
Microsoft.SystemCenter.VirtualMachineManager.2016.Monitoring,Microsoft.SystemCenter.VirtualMachineManager.2016.LibraryServerAvailableMonitor,UnitMonitor,System Center 2016 Virtual Machine Manager Library Server Available,Monitors whether the library server is available,Enabled,bool,TRUE,
Microsoft.SystemCenter.VirtualMachineManager.2016.Monitoring,Microsoft.SystemCenter.VirtualMachineManager.2016.LibraryServerAvailableMonitor,UnitMonitor,System Center 2016 Virtual Machine Manager Library Server Available,Monitors whether the library server is available,TimeoutSeconds,int,180,
Microsoft.SystemCenter.VirtualMachineManager.2016.Monitoring,Microsoft.SystemCenter.VirtualMachineManager.2016.LibraryServerAvailableMonitor,UnitMonitor,System Center 2016 Virtual Machine Manager Library Server Available,Monitors whether the library server is available,IntervalSeconds,int,180,
Microsoft.SystemCenter.VirtualMachineManager.2016.Monitoring,Microsoft.SystemCenter.VirtualMachineManager.2016.HyperVHostUpdate958124Monitor,UnitMonitor,System Center 2016 Virtual Machine Manager Hyper-V Host Update 958124,Monitors whether the VMM Hyper-V host update 958124 is installed,Enabled,bool,FALSE,
Microsoft.SystemCenter.VirtualMachineManager.2016.Monitoring,Microsoft.SystemCenter.VirtualMachineManager.2016.HyperVHostUpdate958124Monitor,UnitMonitor,System Center 2016 Virtual Machine Manager Hyper-V Host Update 958124,Monitors whether the VMM Hyper-V host update 958124 is installed,FileName,string,ntevt.dll,
Microsoft.SystemCenter.VirtualMachineManager.2016.Monitoring,Microsoft.SystemCenter.VirtualMachineManager.2016.HyperVHostUpdate958124Monitor,UnitMonitor,System Center 2016 Virtual Machine Manager Hyper-V Host Update 958124,Monitors whether the VMM Hyper-V host update 958124 is installed,IntervalSeconds,int,86400,
Microsoft.SystemCenter.VirtualMachineManager.2016.Monitoring,Microsoft.SystemCenter.VirtualMachineManager.2016.HyperVHostUpdate958124Monitor,UnitMonitor,System Center 2016 Virtual Machine Manager Hyper-V Host Update 958124,Monitors whether the VMM Hyper-V host update 958124 is installed,TimeoutSeconds,int,300,
Microsoft.SystemCenter.VirtualMachineManager.2016.Monitoring,Microsoft.SystemCenter.VirtualMachineManager.2016.HyperVHostUpdate958124Monitor,UnitMonitor,System Center 2016 Virtual Machine Manager Hyper-V Host Update 958124,Monitors whether the VMM Hyper-V host update 958124 is installed,ParentPath,string,%windir%\System32\wbem,
Microsoft.SystemCenter.VirtualMachineManager.2016.Monitoring,Microsoft.SystemCenter.VirtualMachineManager.2016.HyperVHostUpdate958124Monitor,UnitMonitor,System Center 2016 Virtual Machine Manager Hyper-V Host Update 958124,Monitors whether the VMM Hyper-V host update 958124 is installed,ExpectedVersion,string,6.0.6000.20929,
Microsoft.SystemCenter.VirtualMachineManager.2016.Monitoring,Microsoft.SystemCenter.VirtualMachineManager.2016.CloudFabricMemoryMonitor,UnitMonitor,System Center 2016 Virtual Machine Manager Cloud Fabric Memory,Monitors the cloud maximum memory usage against its fabric memory capacity,Enabled,bool,TRUE,
Microsoft.SystemCenter.VirtualMachineManager.2016.Monitoring,Microsoft.SystemCenter.VirtualMachineManager.2016.CloudFabricMemoryMonitor,UnitMonitor,System Center 2016 Virtual Machine Manager Cloud Fabric Memory,Monitors the cloud maximum memory usage against its fabric memory capacity,WarningThreshold,double,80,
Microsoft.SystemCenter.VirtualMachineManager.2016.Monitoring,Microsoft.SystemCenter.VirtualMachineManager.2016.CloudFabricMemoryMonitor,UnitMonitor,System Center 2016 Virtual Machine Manager Cloud Fabric Memory,Monitors the cloud maximum memory usage against its fabric memory capacity,CriticalThreshold,double,90,
Microsoft.SystemCenter.VirtualMachineManager.2016.Monitoring,Microsoft.SystemCenter.VirtualMachineManager.2016.CloudFabricMemoryMonitor,UnitMonitor,System Center 2016 Virtual Machine Manager Cloud Fabric Memory,Monitors the cloud maximum memory usage against its fabric memory capacity,IntervalSeconds,int,1800,
Microsoft.SystemCenter.VirtualMachineManager.2016.Monitoring,Microsoft.SystemCenter.VirtualMachineManager.2016.CloudFabricMemoryMonitor,UnitMonitor,System Center 2016 Virtual Machine Manager Cloud Fabric Memory,Monitors the cloud maximum memory usage against its fabric memory capacity,TimeoutSeconds,int,300,
Microsoft.SystemCenter.VirtualMachineManager.2016.Monitoring,Microsoft.SystemCenter.VirtualMachineManager.2016.TierMemberCountMonitor,UnitMonitor,System Center 2016 Virtual Machine Manager Tier Member Count,Monitors whether the virtual machine tier member count is within the specified range,Enabled,bool,TRUE,
Microsoft.SystemCenter.VirtualMachineManager.2016.Monitoring,Microsoft.SystemCenter.VirtualMachineManager.2016.TierMemberCountMonitor,UnitMonitor,System Center 2016 Virtual Machine Manager Tier Member Count,Monitors whether the virtual machine tier member count is within the specified range,TimeoutSeconds,int,300,
Microsoft.SystemCenter.VirtualMachineManager.2016.Monitoring,Microsoft.SystemCenter.VirtualMachineManager.2016.TierMemberCountMonitor,UnitMonitor,System Center 2016 Virtual Machine Manager Tier Member Count,Monitors whether the virtual machine tier member count is within the specified range,IntervalSeconds,int,300,
Microsoft.SystemCenter.VirtualMachineManager.2016.Monitoring,Microsoft.SystemCenter.VirtualMachineManager.2016.UserRoleStorageMonitor,UnitMonitor,System Center 2016 Virtual Machine Manager UserRole Storage,Monitors the user role Storage quota,Enabled,bool,TRUE,
Microsoft.SystemCenter.VirtualMachineManager.2016.Monitoring,Microsoft.SystemCenter.VirtualMachineManager.2016.UserRoleStorageMonitor,UnitMonitor,System Center 2016 Virtual Machine Manager UserRole Storage,Monitors the user role Storage quota,TimeoutSeconds,int,300,
Microsoft.SystemCenter.VirtualMachineManager.2016.Monitoring,Microsoft.SystemCenter.VirtualMachineManager.2016.UserRoleStorageMonitor,UnitMonitor,System Center 2016 Virtual Machine Manager UserRole Storage,Monitors the user role Storage quota,IntervalSeconds,int,1800,
Microsoft.SystemCenter.VirtualMachineManager.2016.Monitoring,Microsoft.SystemCenter.VirtualMachineManager.2016.UserRoleStorageMonitor,UnitMonitor,System Center 2016 Virtual Machine Manager UserRole Storage,Monitors the user role Storage quota,CriticalThreshold,double,90,
Microsoft.SystemCenter.VirtualMachineManager.2016.Monitoring,Microsoft.SystemCenter.VirtualMachineManager.2016.UserRoleStorageMonitor,UnitMonitor,System Center 2016 Virtual Machine Manager UserRole Storage,Monitors the user role Storage quota,WarningThreshold,double,80,
Microsoft.SystemCenter.VirtualMachineManager.2016.Monitoring,Microsoft.SystemCenter.VirtualMachineManager.2016.CloudMemoryUsageMBMonitor,UnitMonitor,System Center 2016 Virtual Machine Manager Cloud MemoryUsageMB,Monitors private cloud memory usage (in megabytes),Enabled,bool,TRUE,
Microsoft.SystemCenter.VirtualMachineManager.2016.Monitoring,Microsoft.SystemCenter.VirtualMachineManager.2016.CloudMemoryUsageMBMonitor,UnitMonitor,System Center 2016 Virtual Machine Manager Cloud MemoryUsageMB,Monitors private cloud memory usage (in megabytes),IntervalSeconds,int,1800,
Microsoft.SystemCenter.VirtualMachineManager.2016.Monitoring,Microsoft.SystemCenter.VirtualMachineManager.2016.CloudMemoryUsageMBMonitor,UnitMonitor,System Center 2016 Virtual Machine Manager Cloud MemoryUsageMB,Monitors private cloud memory usage (in megabytes),CriticalThreshold,int,90,
Microsoft.SystemCenter.VirtualMachineManager.2016.Monitoring,Microsoft.SystemCenter.VirtualMachineManager.2016.CloudMemoryUsageMBMonitor,UnitMonitor,System Center 2016 Virtual Machine Manager Cloud MemoryUsageMB,Monitors private cloud memory usage (in megabytes),TimeoutSeconds,int,300,
Microsoft.SystemCenter.VirtualMachineManager.2016.Monitoring,Microsoft.SystemCenter.VirtualMachineManager.2016.VMGuestStateMonitor,UnitMonitor,System Center 2016 Virtual Machine Manager VM Guest State,Monitors the guest related state of a virtual machine,Enabled,bool,FALSE,
Microsoft.SystemCenter.VirtualMachineManager.2016.Monitoring,Microsoft.SystemCenter.VirtualMachineManager.2016.VMGuestStateMonitor,UnitMonitor,System Center 2016 Virtual Machine Manager VM Guest State,Monitors the guest related state of a virtual machine,TimeoutSeconds,int,1800,
Microsoft.SystemCenter.VirtualMachineManager.2016.Monitoring,Microsoft.SystemCenter.VirtualMachineManager.2016.VMGuestStateMonitor,UnitMonitor,System Center 2016 Virtual Machine Manager VM Guest State,Monitors the guest related state of a virtual machine,IntervalSeconds,int,1800,
Microsoft.SystemCenter.VirtualMachineManager.2016.Monitoring,Microsoft.SystemCenter.VirtualMachineManager.2016.VMGuestStateMonitor,UnitMonitor,System Center 2016 Virtual Machine Manager VM Guest State,Monitors the guest related state of a virtual machine,IncompletePattern,string,NotApplicable,
Microsoft.SystemCenter.VirtualMachineManager.2016.Monitoring,Microsoft.SystemCenter.VirtualMachineManager.2016.VMGuestStateMonitor,UnitMonitor,System Center 2016 Virtual Machine Manager VM Guest State,Monitors the guest related state of a virtual machine,PausedValue,string,CustomizationFailed,
Microsoft.SystemCenter.VirtualMachineManager.2016.Monitoring,Microsoft.SystemCenter.VirtualMachineManager.2016.AgentService.Monitor,UnitMonitor,System Center 2016 Virtual Machine Manager AgentService,Monitors the state of the System Center Virtual Machine Manager Agent service (VMMAgent.exe),Enabled,bool,TRUE,
Microsoft.SystemCenter.VirtualMachineManager.2016.Monitoring,Microsoft.SystemCenter.VirtualMachineManager.2016.AgentService.Monitor,UnitMonitor,System Center 2016 Virtual Machine Manager AgentService,Monitors the state of the System Center Virtual Machine Manager Agent service (VMMAgent.exe),CheckStartupType,string,,
Microsoft.SystemCenter.VirtualMachineManager.2016.Monitoring,Microsoft.SystemCenter.VirtualMachineManager.2016.VMStateMonitor,UnitMonitor,System Center 2016 Virtual Machine Manager VM State,Monitors the fabric related state of a virtual machine,Enabled,bool,TRUE,
Microsoft.SystemCenter.VirtualMachineManager.2016.Monitoring,Microsoft.SystemCenter.VirtualMachineManager.2016.VMStateMonitor,UnitMonitor,System Center 2016 Virtual Machine Manager VM State,Monitors the fabric related state of a virtual machine,TimeoutSeconds,int,300,
Microsoft.SystemCenter.VirtualMachineManager.2016.Monitoring,Microsoft.SystemCenter.VirtualMachineManager.2016.VMStateMonitor,UnitMonitor,System Center 2016 Virtual Machine Manager VM State,Monitors the fabric related state of a virtual machine,IntervalSeconds,int,300,
Microsoft.SystemCenter.VirtualMachineManager.2016.Monitoring,Microsoft.SystemCenter.VirtualMachineManager.2016.VMStateMonitor,UnitMonitor,System Center 2016 Virtual Machine Manager VM State,Monitors the fabric related state of a virtual machine,IncompletePattern,string,NotApplicable,
Microsoft.SystemCenter.VirtualMachineManager.2016.Monitoring,Microsoft.SystemCenter.VirtualMachineManager.2016.VMStateMonitor,UnitMonitor,System Center 2016 Virtual Machine Manager VM State,Monitors the fabric related state of a virtual machine,PausedValue,string,Paused,
Microsoft.SystemCenter.VirtualMachineManager.2016.Monitoring,Microsoft.SystemCenter.VirtualMachineManager.2016.HyperVService.Monitor,UnitMonitor,System Center 2016 Virtual Machine Manager HyperV Service,Monitors the state of the Hyper-V Virtual Machine Management service (VMMS.exe),Enabled,bool,TRUE,
Microsoft.SystemCenter.VirtualMachineManager.2016.Monitoring,Microsoft.SystemCenter.VirtualMachineManager.2016.HyperVService.Monitor,UnitMonitor,System Center 2016 Virtual Machine Manager HyperV Service,Monitors the state of the Hyper-V Virtual Machine Management service (VMMS.exe),CheckStartupType,string,,
Microsoft.SystemCenter.VirtualMachineManager.2016.Monitoring,Microsoft.SystemCenter.VirtualMachineManager.2016.HostClusterUpdate958065Monitor,UnitMonitor,System Center 2016 Virtual Machine Manager Host Cluster Update 958065,Monitors whether the VMM host cluster update 958065 is installed,Enabled,bool,FALSE,
Microsoft.SystemCenter.VirtualMachineManager.2016.Monitoring,Microsoft.SystemCenter.VirtualMachineManager.2016.HostClusterUpdate958065Monitor,UnitMonitor,System Center 2016 Virtual Machine Manager Host Cluster Update 958065,Monitors whether the VMM host cluster update 958065 is installed,Arguments,string,6.0.6001.22297,
Microsoft.SystemCenter.VirtualMachineManager.2016.Monitoring,Microsoft.SystemCenter.VirtualMachineManager.2016.HostClusterUpdate958065Monitor,UnitMonitor,System Center 2016 Virtual Machine Manager Host Cluster Update 958065,Monitors whether the VMM host cluster update 958065 is installed,TimeoutSeconds,int,300,
Microsoft.SystemCenter.VirtualMachineManager.2016.Monitoring,Microsoft.SystemCenter.VirtualMachineManager.2016.HostClusterUpdate958065Monitor,UnitMonitor,System Center 2016 Virtual Machine Manager Host Cluster Update 958065,Monitors whether the VMM host cluster update 958065 is installed,SyncTime,string,,
Microsoft.SystemCenter.VirtualMachineManager.2016.Monitoring,Microsoft.SystemCenter.VirtualMachineManager.2016.HostClusterUpdate958065Monitor,UnitMonitor,System Center 2016 Virtual Machine Manager Host Cluster Update 958065,Monitors whether the VMM host cluster update 958065 is installed,IntervalSeconds,int,86400,
Microsoft.SystemCenter.VirtualMachineManager.2016.Monitoring,Microsoft.SystemCenter.VirtualMachineManager.2016.HostWinRMService.Monitor,UnitMonitor,System Center 2016 Virtual Machine Manager WinRMService targeted against Host,Monitors the state of the Windows Remote Management (winrm) service that is targeted against the host,Enabled,bool,TRUE,
Microsoft.SystemCenter.VirtualMachineManager.2016.Monitoring,Microsoft.SystemCenter.VirtualMachineManager.2016.HostWinRMService.Monitor,UnitMonitor,System Center 2016 Virtual Machine Manager WinRMService targeted against Host,Monitors the state of the Windows Remote Management (winrm) service that is targeted against the host,CheckStartupType,string,,
Microsoft.SystemCenter.VirtualMachineManager.2016.Monitoring,Microsoft.SystemCenter.VirtualMachineManager.2016.CloudFabricStorageMonitor,UnitMonitor,System Center 2016 Virtual Machine Manager Cloud Fabric Storage,Monitors the cloud storage usage against its fabric capacity,Enabled,bool,TRUE,
Microsoft.SystemCenter.VirtualMachineManager.2016.Monitoring,Microsoft.SystemCenter.VirtualMachineManager.2016.CloudFabricStorageMonitor,UnitMonitor,System Center 2016 Virtual Machine Manager Cloud Fabric Storage,Monitors the cloud storage usage against its fabric capacity,WarningThreshold,double,80,
Microsoft.SystemCenter.VirtualMachineManager.2016.Monitoring,Microsoft.SystemCenter.VirtualMachineManager.2016.CloudFabricStorageMonitor,UnitMonitor,System Center 2016 Virtual Machine Manager Cloud Fabric Storage,Monitors the cloud storage usage against its fabric capacity,CriticalThreshold,double,90,
Microsoft.SystemCenter.VirtualMachineManager.2016.Monitoring,Microsoft.SystemCenter.VirtualMachineManager.2016.CloudFabricStorageMonitor,UnitMonitor,System Center 2016 Virtual Machine Manager Cloud Fabric Storage,Monitors the cloud storage usage against its fabric capacity,IntervalSeconds,int,1800,
Microsoft.SystemCenter.VirtualMachineManager.2016.Monitoring,Microsoft.SystemCenter.VirtualMachineManager.2016.CloudFabricStorageMonitor,UnitMonitor,System Center 2016 Virtual Machine Manager Cloud Fabric Storage,Monitors the cloud storage usage against its fabric capacity,TimeoutSeconds,int,300,
Microsoft.SystemCenter.VirtualMachineManager.2016.Monitoring,Microsoft.SystemCenter.VirtualMachineManager.2016.HyperVHostUpdate956697Monitor,UnitMonitor,System Center 2016 Virtual Machine Manager Hyper-V Host Update 956697,Monitors whether the VMM Hyper-V host update 956697 is installed,Enabled,bool,FALSE,
Microsoft.SystemCenter.VirtualMachineManager.2016.Monitoring,Microsoft.SystemCenter.VirtualMachineManager.2016.HyperVHostUpdate956697Monitor,UnitMonitor,System Center 2016 Virtual Machine Manager Hyper-V Host Update 956697,Monitors whether the VMM Hyper-V host update 956697 is installed,FileName,string,vmms.exe,
Microsoft.SystemCenter.VirtualMachineManager.2016.Monitoring,Microsoft.SystemCenter.VirtualMachineManager.2016.HyperVHostUpdate956697Monitor,UnitMonitor,System Center 2016 Virtual Machine Manager Hyper-V Host Update 956697,Monitors whether the VMM Hyper-V host update 956697 is installed,IntervalSeconds,int,86400,
Microsoft.SystemCenter.VirtualMachineManager.2016.Monitoring,Microsoft.SystemCenter.VirtualMachineManager.2016.HyperVHostUpdate956697Monitor,UnitMonitor,System Center 2016 Virtual Machine Manager Hyper-V Host Update 956697,Monitors whether the VMM Hyper-V host update 956697 is installed,TimeoutSeconds,int,300,
Microsoft.SystemCenter.VirtualMachineManager.2016.Monitoring,Microsoft.SystemCenter.VirtualMachineManager.2016.HyperVHostUpdate956697Monitor,UnitMonitor,System Center 2016 Virtual Machine Manager Hyper-V Host Update 956697,Monitors whether the VMM Hyper-V host update 956697 is installed,ParentPath,string,%windir%\System32,
Microsoft.SystemCenter.VirtualMachineManager.2016.Monitoring,Microsoft.SystemCenter.VirtualMachineManager.2016.HyperVHostUpdate956697Monitor,UnitMonitor,System Center 2016 Virtual Machine Manager Hyper-V Host Update 956697,Monitors whether the VMM Hyper-V host update 956697 is installed,ExpectedVersion,string,6.0.6001.18125,
Microsoft.SystemCenter.VirtualMachineManager.2016.Monitoring,Microsoft.SystemCenter.VirtualMachineManager.2016.VMMHostStateMonitor,UnitMonitor,System Center 2016 Virtual Machine Manager VMM Host State,Monitors the state of the VMM host,Enabled,bool,TRUE,
Microsoft.SystemCenter.VirtualMachineManager.2016.Monitoring,Microsoft.SystemCenter.VirtualMachineManager.2016.VMMHostStateMonitor,UnitMonitor,System Center 2016 Virtual Machine Manager VMM Host State,Monitors the state of the VMM host,TimeoutSeconds,int,300,
Microsoft.SystemCenter.VirtualMachineManager.2016.Monitoring,Microsoft.SystemCenter.VirtualMachineManager.2016.VMMHostStateMonitor,UnitMonitor,System Center 2016 Virtual Machine Manager VMM Host State,Monitors the state of the VMM host,IntervalSeconds,int,300,
Microsoft.SystemCenter.VirtualMachineManager.2016.Monitoring,Microsoft.SystemCenter.VirtualMachineManager.2016.UserRoleCustomQuotaMonitor,UnitMonitor,System Center 2016 Virtual Machine Manager UserRole CustomQuota,Monitors the user role Custom Quota count,Enabled,bool,TRUE,
Microsoft.SystemCenter.VirtualMachineManager.2016.Monitoring,Microsoft.SystemCenter.VirtualMachineManager.2016.UserRoleCustomQuotaMonitor,UnitMonitor,System Center 2016 Virtual Machine Manager UserRole CustomQuota,Monitors the user role Custom Quota count,TimeoutSeconds,int,300,
Microsoft.SystemCenter.VirtualMachineManager.2016.Monitoring,Microsoft.SystemCenter.VirtualMachineManager.2016.UserRoleCustomQuotaMonitor,UnitMonitor,System Center 2016 Virtual Machine Manager UserRole CustomQuota,Monitors the user role Custom Quota count,IntervalSeconds,int,1800,
Microsoft.SystemCenter.VirtualMachineManager.2016.Monitoring,Microsoft.SystemCenter.VirtualMachineManager.2016.UserRoleCustomQuotaMonitor,UnitMonitor,System Center 2016 Virtual Machine Manager UserRole CustomQuota,Monitors the user role Custom Quota count,CriticalThreshold,double,90,
Microsoft.SystemCenter.VirtualMachineManager.2016.Monitoring,Microsoft.SystemCenter.VirtualMachineManager.2016.UserRoleCustomQuotaMonitor,UnitMonitor,System Center 2016 Virtual Machine Manager UserRole CustomQuota,Monitors the user role Custom Quota count,WarningThreshold,double,80,
Microsoft.SystemCenter.VirtualMachineManager.2016.Monitoring,Microsoft.SystemCenter.VirtualMachineManager.2016.HyperVHostUpdate957967Monitor,UnitMonitor,System Center 2016 Virtual Machine Manager Hyper-V Host Update 957967,Monitors whether the VMM Hyper-V host update 957967 is installed,Enabled,bool,FALSE,
Microsoft.SystemCenter.VirtualMachineManager.2016.Monitoring,Microsoft.SystemCenter.VirtualMachineManager.2016.HyperVHostUpdate957967Monitor,UnitMonitor,System Center 2016 Virtual Machine Manager Hyper-V Host Update 957967,Monitors whether the VMM Hyper-V host update 957967 is installed,FileName,string,Vid.sys,
Microsoft.SystemCenter.VirtualMachineManager.2016.Monitoring,Microsoft.SystemCenter.VirtualMachineManager.2016.HyperVHostUpdate957967Monitor,UnitMonitor,System Center 2016 Virtual Machine Manager Hyper-V Host Update 957967,Monitors whether the VMM Hyper-V host update 957967 is installed,IntervalSeconds,int,86400,
Microsoft.SystemCenter.VirtualMachineManager.2016.Monitoring,Microsoft.SystemCenter.VirtualMachineManager.2016.HyperVHostUpdate957967Monitor,UnitMonitor,System Center 2016 Virtual Machine Manager Hyper-V Host Update 957967,Monitors whether the VMM Hyper-V host update 957967 is installed,TimeoutSeconds,int,300,
Microsoft.SystemCenter.VirtualMachineManager.2016.Monitoring,Microsoft.SystemCenter.VirtualMachineManager.2016.HyperVHostUpdate957967Monitor,UnitMonitor,System Center 2016 Virtual Machine Manager Hyper-V Host Update 957967,Monitors whether the VMM Hyper-V host update 957967 is installed,ParentPath,string,%windir%\System32\drivers,
Microsoft.SystemCenter.VirtualMachineManager.2016.Monitoring,Microsoft.SystemCenter.VirtualMachineManager.2016.HyperVHostUpdate957967Monitor,UnitMonitor,System Center 2016 Virtual Machine Manager Hyper-V Host Update 957967,Monitors whether the VMM Hyper-V host update 957967 is installed,ExpectedVersion,string,6.0.6001.22271,
Microsoft.SystemCenter.VirtualMachineManager.2016.Monitoring,Microsoft.SystemCenter.VirtualMachineManager.2016.UserRoleCPUCountMonitor,UnitMonitor,System Center 2016 Virtual Machine Manager UserRole CPU Count,Monitors the user role CPU Count quota,Enabled,bool,TRUE,
Microsoft.SystemCenter.VirtualMachineManager.2016.Monitoring,Microsoft.SystemCenter.VirtualMachineManager.2016.UserRoleCPUCountMonitor,UnitMonitor,System Center 2016 Virtual Machine Manager UserRole CPU Count,Monitors the user role CPU Count quota,TimeoutSeconds,int,300,
Microsoft.SystemCenter.VirtualMachineManager.2016.Monitoring,Microsoft.SystemCenter.VirtualMachineManager.2016.UserRoleCPUCountMonitor,UnitMonitor,System Center 2016 Virtual Machine Manager UserRole CPU Count,Monitors the user role CPU Count quota,IntervalSeconds,int,1800,
Microsoft.SystemCenter.VirtualMachineManager.2016.Monitoring,Microsoft.SystemCenter.VirtualMachineManager.2016.UserRoleCPUCountMonitor,UnitMonitor,System Center 2016 Virtual Machine Manager UserRole CPU Count,Monitors the user role CPU Count quota,CriticalThreshold,double,90,
Microsoft.SystemCenter.VirtualMachineManager.2016.Monitoring,Microsoft.SystemCenter.VirtualMachineManager.2016.UserRoleCPUCountMonitor,UnitMonitor,System Center 2016 Virtual Machine Manager UserRole CPU Count,Monitors the user role CPU Count quota,WarningThreshold,double,80,
Microsoft.SystemCenter.VirtualMachineManager.2016.Monitoring,Microsoft.SystemCenter.VirtualMachineManager.2016.HostClusterCommitStateMonitor,UnitMonitor,System Center 2016 Virtual Machine Manager Host Cluster Commit State,Monitors whether the host cluster is overcommitted,Enabled,bool,TRUE,
Microsoft.SystemCenter.VirtualMachineManager.2016.Monitoring,Microsoft.SystemCenter.VirtualMachineManager.2016.HostClusterCommitStateMonitor,UnitMonitor,System Center 2016 Virtual Machine Manager Host Cluster Commit State,Monitors whether the host cluster is overcommitted,TimeoutSeconds,int,300,
Microsoft.SystemCenter.VirtualMachineManager.2016.Monitoring,Microsoft.SystemCenter.VirtualMachineManager.2016.HostClusterCommitStateMonitor,UnitMonitor,System Center 2016 Virtual Machine Manager Host Cluster Commit State,Monitors whether the host cluster is overcommitted,IntervalSeconds,int,7200,
Microsoft.SystemCenter.VirtualMachineManager.2016.Monitoring,Microsoft.SystemCenter.VirtualMachineManager.2016.VMMServerReachableMonitor,UnitMonitor,System Center 2016 Virtual Machine Manager VMMServer Reachable Via Powershell 2.0,Monitors whether PowerShell 2.0 remoting is enabled and available on the VMM management server,Enabled,bool,FALSE,
Microsoft.SystemCenter.VirtualMachineManager.2016.Monitoring,Microsoft.SystemCenter.VirtualMachineManager.2016.VMMServerReachableMonitor,UnitMonitor,System Center 2016 Virtual Machine Manager VMMServer Reachable Via Powershell 2.0,Monitors whether PowerShell 2.0 remoting is enabled and available on the VMM management server,VMMServer,string,,
Microsoft.SystemCenter.VirtualMachineManager.2016.Monitoring,Microsoft.SystemCenter.VirtualMachineManager.2016.VMMServerReachableMonitor,UnitMonitor,System Center 2016 Virtual Machine Manager VMMServer Reachable Via Powershell 2.0,Monitors whether PowerShell 2.0 remoting is enabled and available on the VMM management server,TimeoutSeconds,int,180,
Microsoft.SystemCenter.VirtualMachineManager.2016.Monitoring,Microsoft.SystemCenter.VirtualMachineManager.2016.VMMServerReachableMonitor,UnitMonitor,System Center 2016 Virtual Machine Manager VMMServer Reachable Via Powershell 2.0,Monitors whether PowerShell 2.0 remoting is enabled and available on the VMM management server,IntervalSeconds,int,180,
Microsoft.SystemCenter.VirtualMachineManager.2016.Monitoring,Microsoft.SystemCenter.VirtualMachineManager.2016.HyperVHostUpdate954563Monitor,UnitMonitor,System Center 2016 Virtual Machine Manager Hyper-V Host Update 954563,Monitors whether the VMM Hyper-V host update 954563 is installed,Enabled,bool,FALSE,
Microsoft.SystemCenter.VirtualMachineManager.2016.Monitoring,Microsoft.SystemCenter.VirtualMachineManager.2016.HyperVHostUpdate954563Monitor,UnitMonitor,System Center 2016 Virtual Machine Manager Hyper-V Host Update 954563,Monitors whether the VMM Hyper-V host update 954563 is installed,FileName,string,Cimwin32.dll,
Microsoft.SystemCenter.VirtualMachineManager.2016.Monitoring,Microsoft.SystemCenter.VirtualMachineManager.2016.HyperVHostUpdate954563Monitor,UnitMonitor,System Center 2016 Virtual Machine Manager Hyper-V Host Update 954563,Monitors whether the VMM Hyper-V host update 954563 is installed,IntervalSeconds,int,86400,
Microsoft.SystemCenter.VirtualMachineManager.2016.Monitoring,Microsoft.SystemCenter.VirtualMachineManager.2016.HyperVHostUpdate954563Monitor,UnitMonitor,System Center 2016 Virtual Machine Manager Hyper-V Host Update 954563,Monitors whether the VMM Hyper-V host update 954563 is installed,TimeoutSeconds,int,300,
Microsoft.SystemCenter.VirtualMachineManager.2016.Monitoring,Microsoft.SystemCenter.VirtualMachineManager.2016.HyperVHostUpdate954563Monitor,UnitMonitor,System Center 2016 Virtual Machine Manager Hyper-V Host Update 954563,Monitors whether the VMM Hyper-V host update 954563 is installed,ParentPath,string,%windir%\System32\wbem,
Microsoft.SystemCenter.VirtualMachineManager.2016.Monitoring,Microsoft.SystemCenter.VirtualMachineManager.2016.HyperVHostUpdate954563Monitor,UnitMonitor,System Center 2016 Virtual Machine Manager Hyper-V Host Update 954563,Monitors whether the VMM Hyper-V host update 954563 is installed,ExpectedVersion,string,6.0.6001.22205,
Microsoft.SystemCenter.VirtualMachineManager.2016.Monitoring,Microsoft.SystemCenter.VirtualMachineManager.2016.CloudVMUsageCountMonitor,UnitMonitor,System Center 2016 Virtual Machine Manager Cloud VMUsageCount,Monitors the private cloud virtual machine usage count,Enabled,bool,TRUE,
Microsoft.SystemCenter.VirtualMachineManager.2016.Monitoring,Microsoft.SystemCenter.VirtualMachineManager.2016.CloudVMUsageCountMonitor,UnitMonitor,System Center 2016 Virtual Machine Manager Cloud VMUsageCount,Monitors the private cloud virtual machine usage count,IntervalSeconds,int,1800,
Microsoft.SystemCenter.VirtualMachineManager.2016.Monitoring,Microsoft.SystemCenter.VirtualMachineManager.2016.CloudVMUsageCountMonitor,UnitMonitor,System Center 2016 Virtual Machine Manager Cloud VMUsageCount,Monitors the private cloud virtual machine usage count,CriticalThreshold,int,90,
Microsoft.SystemCenter.VirtualMachineManager.2016.Monitoring,Microsoft.SystemCenter.VirtualMachineManager.2016.CloudVMUsageCountMonitor,UnitMonitor,System Center 2016 Virtual Machine Manager Cloud VMUsageCount,Monitors the private cloud virtual machine usage count,TimeoutSeconds,int,300,
Microsoft.SystemCenter.VirtualMachineManager.2016.Monitoring,Microsoft.SystemCenter.VirtualMachineManager.2016.NetworkingManagementService.Monitor,UnitMonitor,System Center 2016 Virtual Machine Manager NetworkingManagementService,Monitors the state of the Hyper-V Networking Management service (NVSPWMI.exe),Enabled,bool,FALSE,
Microsoft.SystemCenter.VirtualMachineManager.2016.Monitoring,Microsoft.SystemCenter.VirtualMachineManager.2016.NetworkingManagementService.Monitor,UnitMonitor,System Center 2016 Virtual Machine Manager NetworkingManagementService,Monitors the state of the Hyper-V Networking Management service (NVSPWMI.exe),CheckStartupType,string,FALSE,
Microsoft.SystemCenter.VirtualMachineManager.2016.Monitoring,Microsoft.SystemCenter.VirtualMachineManager.2016.HyperVHostUpdate950050Monitor,UnitMonitor,System Center 2016 Virtual Machine Manager Hyper-V Host Update 950050,Monitors whether the VMM Hyper-V host update 950050 is installed,Enabled,bool,FALSE,
Microsoft.SystemCenter.VirtualMachineManager.2016.Monitoring,Microsoft.SystemCenter.VirtualMachineManager.2016.HyperVHostUpdate950050Monitor,UnitMonitor,System Center 2016 Virtual Machine Manager Hyper-V Host Update 950050,Monitors whether the VMM Hyper-V host update 950050 is installed,Arguments,string,,
Microsoft.SystemCenter.VirtualMachineManager.2016.Monitoring,Microsoft.SystemCenter.VirtualMachineManager.2016.HyperVHostUpdate950050Monitor,UnitMonitor,System Center 2016 Virtual Machine Manager Hyper-V Host Update 950050,Monitors whether the VMM Hyper-V host update 950050 is installed,TimeoutSeconds,int,300,
Microsoft.SystemCenter.VirtualMachineManager.2016.Monitoring,Microsoft.SystemCenter.VirtualMachineManager.2016.HyperVHostUpdate950050Monitor,UnitMonitor,System Center 2016 Virtual Machine Manager Hyper-V Host Update 950050,Monitors whether the VMM Hyper-V host update 950050 is installed,SyncTime,string,,
Microsoft.SystemCenter.VirtualMachineManager.2016.Monitoring,Microsoft.SystemCenter.VirtualMachineManager.2016.HyperVHostUpdate950050Monitor,UnitMonitor,System Center 2016 Virtual Machine Manager Hyper-V Host Update 950050,Monitors whether the VMM Hyper-V host update 950050 is installed,IntervalSeconds,int,86400,
Microsoft.SystemCenter.VirtualMachineManager.2016.Monitoring,Microsoft.SystemCenter.VirtualMachineManager.2016.AttestationWindowsEventMonitor,UnitMonitor,Hyper-V Host Attestation Windows Event Monitor,Monitors whether the Hyper-V host has attestation problems by detecting Windows events,Enabled,bool,TRUE,
Microsoft.SystemCenter.VirtualMachineManager.2016.Monitoring,Microsoft.SystemCenter.VirtualMachineManager.2016.UserRoleMemoryMonitor,UnitMonitor,System Center 2016 Virtual Machine Manager UserRole Memory,Monitors the user role memory quota,Enabled,bool,TRUE,
Microsoft.SystemCenter.VirtualMachineManager.2016.Monitoring,Microsoft.SystemCenter.VirtualMachineManager.2016.UserRoleMemoryMonitor,UnitMonitor,System Center 2016 Virtual Machine Manager UserRole Memory,Monitors the user role memory quota,TimeoutSeconds,int,300,
Microsoft.SystemCenter.VirtualMachineManager.2016.Monitoring,Microsoft.SystemCenter.VirtualMachineManager.2016.UserRoleMemoryMonitor,UnitMonitor,System Center 2016 Virtual Machine Manager UserRole Memory,Monitors the user role memory quota,IntervalSeconds,int,1800,
Microsoft.SystemCenter.VirtualMachineManager.2016.Monitoring,Microsoft.SystemCenter.VirtualMachineManager.2016.UserRoleMemoryMonitor,UnitMonitor,System Center 2016 Virtual Machine Manager UserRole Memory,Monitors the user role memory quota,CriticalThreshold,double,90,
Microsoft.SystemCenter.VirtualMachineManager.2016.Monitoring,Microsoft.SystemCenter.VirtualMachineManager.2016.UserRoleMemoryMonitor,UnitMonitor,System Center 2016 Virtual Machine Manager UserRole Memory,Monitors the user role memory quota,WarningThreshold,double,80,
Microsoft.SystemCenter.VirtualMachineManager.2016.Monitoring,Microsoft.SystemCenter.VirtualMachineManager.2016.UpdatedResourcesAvailableMonitor,UnitMonitor,Updated resources available,Monitors wheher a Virtual Machine Manager service instance has one or more updated resources available,Enabled,bool,TRUE,
Microsoft.SystemCenter.VirtualMachineManager.2016.Monitoring,Microsoft.SystemCenter.VirtualMachineManager.2016.UpdatedResourcesAvailableMonitor,UnitMonitor,Updated resources available,Monitors wheher a Virtual Machine Manager service instance has one or more updated resources available,TimeoutSeconds,int,300,
Microsoft.SystemCenter.VirtualMachineManager.2016.Monitoring,Microsoft.SystemCenter.VirtualMachineManager.2016.UpdatedResourcesAvailableMonitor,UnitMonitor,Updated resources available,Monitors wheher a Virtual Machine Manager service instance has one or more updated resources available,IntervalSeconds,int,7200,
Microsoft.SystemCenter.VirtualMachineManager.2016.Monitoring,Microsoft.SystemCenter.VirtualMachineManager.2016.HyperVHostUpdate971677Monitor,UnitMonitor,System Center 2016 Virtual Machine Manager Hyper-V Host Update 971677,Monitors whether the VMM Hyper-V host update 971677 is installed,Enabled,bool,FALSE,
Microsoft.SystemCenter.VirtualMachineManager.2016.Monitoring,Microsoft.SystemCenter.VirtualMachineManager.2016.HyperVHostUpdate971677Monitor,UnitMonitor,System Center 2016 Virtual Machine Manager Hyper-V Host Update 971677,Monitors whether the VMM Hyper-V host update 971677 is installed,FileName,string,Vhdparser.sys,
Microsoft.SystemCenter.VirtualMachineManager.2016.Monitoring,Microsoft.SystemCenter.VirtualMachineManager.2016.HyperVHostUpdate971677Monitor,UnitMonitor,System Center 2016 Virtual Machine Manager Hyper-V Host Update 971677,Monitors whether the VMM Hyper-V host update 971677 is installed,IntervalSeconds,int,86400,
Microsoft.SystemCenter.VirtualMachineManager.2016.Monitoring,Microsoft.SystemCenter.VirtualMachineManager.2016.HyperVHostUpdate971677Monitor,UnitMonitor,System Center 2016 Virtual Machine Manager Hyper-V Host Update 971677,Monitors whether the VMM Hyper-V host update 971677 is installed,TimeoutSeconds,int,300,
Microsoft.SystemCenter.VirtualMachineManager.2016.Monitoring,Microsoft.SystemCenter.VirtualMachineManager.2016.HyperVHostUpdate971677Monitor,UnitMonitor,System Center 2016 Virtual Machine Manager Hyper-V Host Update 971677,Monitors whether the VMM Hyper-V host update 971677 is installed,ParentPath,string,%windir%\System32\drivers,
Microsoft.SystemCenter.VirtualMachineManager.2016.Monitoring,Microsoft.SystemCenter.VirtualMachineManager.2016.HyperVHostUpdate971677Monitor,UnitMonitor,System Center 2016 Virtual Machine Manager Hyper-V Host Update 971677,Monitors whether the VMM Hyper-V host update 971677 is installed,ExpectedVersion,string,6.0.6002.22148,
Microsoft.SystemCenter.VirtualMachineManager.2016.Monitoring,Microsoft.SystemCenter.VirtualMachineManager.2016.StoragePoolCapacityMonitor,UnitMonitor,System Center 2016 Virtual Machine Manager Storage Pool Capacity,Monitors storage pool capacity usage,Enabled,bool,TRUE,
Microsoft.SystemCenter.VirtualMachineManager.2016.Monitoring,Microsoft.SystemCenter.VirtualMachineManager.2016.StoragePoolCapacityMonitor,UnitMonitor,System Center 2016 Virtual Machine Manager Storage Pool Capacity,Monitors storage pool capacity usage,IntervalSeconds,int,300,
Microsoft.SystemCenter.VirtualMachineManager.2016.Monitoring,Microsoft.SystemCenter.VirtualMachineManager.2016.StoragePoolCapacityMonitor,UnitMonitor,System Center 2016 Virtual Machine Manager Storage Pool Capacity,Monitors storage pool capacity usage,WarningThreshold,string,80,
Microsoft.SystemCenter.VirtualMachineManager.2016.Monitoring,Microsoft.SystemCenter.VirtualMachineManager.2016.StoragePoolCapacityMonitor,UnitMonitor,System Center 2016 Virtual Machine Manager Storage Pool Capacity,Monitors storage pool capacity usage,CriticalThreshold,string,90,
Microsoft.SystemCenter.VirtualMachineManager.2016.Monitoring,Microsoft.SystemCenter.VirtualMachineManager.2016.StoragePoolCapacityMonitor,UnitMonitor,System Center 2016 Virtual Machine Manager Storage Pool Capacity,Monitors storage pool capacity usage,TimeoutSeconds,int,300,
Microsoft.SystemCenter.VirtualMachineManager.2016.Monitoring,Microsoft.SystemCenter.VirtualMachineManager.2016.AttestationWmiMonitor,UnitMonitor,Hyper-V Host Attestation WMI-based Monitor,Monitors whether the Hyper-V host has attestation problems by getting information through WMI,Enabled,bool,TRUE,
Microsoft.SystemCenter.VirtualMachineManager.2016.Monitoring,Microsoft.SystemCenter.VirtualMachineManager.2016.AttestationWmiMonitor,UnitMonitor,Hyper-V Host Attestation WMI-based Monitor,Monitors whether the Hyper-V host has attestation problems by getting information through WMI,IntervalSeconds,int,3600,
Microsoft.SystemCenter.VirtualMachineManager.2016.Monitoring,Microsoft.SystemCenter.VirtualMachineManager.2016.AttestationWmiMonitor,UnitMonitor,Hyper-V Host Attestation WMI-based Monitor,Monitors whether the Hyper-V host has attestation problems by getting information through WMI,TimeoutSeconds,int,60,
Microsoft.SystemCenter.VirtualMachineManager.2016.Monitoring,Microsoft.SystemCenter.VirtualMachineManager.2016.OMAgentProxyEnabledMonitor,UnitMonitor,System Center Virtual Machine Manager OM Agent Proxy Enabled,Monitors whether the Opeations Manager agent proxy is enabled,Enabled,bool,FALSE,
Microsoft.SystemCenter.VirtualMachineManager.2016.Monitoring,Microsoft.SystemCenter.VirtualMachineManager.2016.OMAgentProxyEnabledMonitor,UnitMonitor,System Center Virtual Machine Manager OM Agent Proxy Enabled,Monitors whether the Opeations Manager agent proxy is enabled,FrequencyInHours,int,24,
Microsoft.SystemCenter.VirtualMachineManager.2016.Monitoring,Microsoft.SystemCenter.VirtualMachineManager.2016.HyperVHostUpdate955805Monitor,UnitMonitor,System Center 2016 Virtual Machine Manager Hyper-V Host Update 955805,Monitors whether the VMM Hyper-V host update 955805 is installed,Enabled,bool,FALSE,
Microsoft.SystemCenter.VirtualMachineManager.2016.Monitoring,Microsoft.SystemCenter.VirtualMachineManager.2016.HyperVHostUpdate955805Monitor,UnitMonitor,System Center 2016 Virtual Machine Manager Hyper-V Host Update 955805,Monitors whether the VMM Hyper-V host update 955805 is installed,FileName,string,Crypt32.dll,
Microsoft.SystemCenter.VirtualMachineManager.2016.Monitoring,Microsoft.SystemCenter.VirtualMachineManager.2016.HyperVHostUpdate955805Monitor,UnitMonitor,System Center 2016 Virtual Machine Manager Hyper-V Host Update 955805,Monitors whether the VMM Hyper-V host update 955805 is installed,IntervalSeconds,int,86400,
Microsoft.SystemCenter.VirtualMachineManager.2016.Monitoring,Microsoft.SystemCenter.VirtualMachineManager.2016.HyperVHostUpdate955805Monitor,UnitMonitor,System Center 2016 Virtual Machine Manager Hyper-V Host Update 955805,Monitors whether the VMM Hyper-V host update 955805 is installed,TimeoutSeconds,int,300,
Microsoft.SystemCenter.VirtualMachineManager.2016.Monitoring,Microsoft.SystemCenter.VirtualMachineManager.2016.HyperVHostUpdate955805Monitor,UnitMonitor,System Center 2016 Virtual Machine Manager Hyper-V Host Update 955805,Monitors whether the VMM Hyper-V host update 955805 is installed,ParentPath,string,%windir%\System32,
Microsoft.SystemCenter.VirtualMachineManager.2016.Monitoring,Microsoft.SystemCenter.VirtualMachineManager.2016.HyperVHostUpdate955805Monitor,UnitMonitor,System Center 2016 Virtual Machine Manager Hyper-V Host Update 955805,Monitors whether the VMM Hyper-V host update 955805 is installed,ExpectedVersion,string,6.0.6001.22254,
Microsoft.SystemCenter.VirtualMachineManager.2016.Monitoring,Microsoft.SystemCenter.VirtualMachineManager.2016.CloudStorageUsageGBMonitor,UnitMonitor,System Center 2016 Virtual Machine Manager Cloud StorageUsageGB,Monitors private cloud storage usage (in gigabytes),Enabled,bool,TRUE,
Microsoft.SystemCenter.VirtualMachineManager.2016.Monitoring,Microsoft.SystemCenter.VirtualMachineManager.2016.CloudStorageUsageGBMonitor,UnitMonitor,System Center 2016 Virtual Machine Manager Cloud StorageUsageGB,Monitors private cloud storage usage (in gigabytes),IntervalSeconds,int,1800,
Microsoft.SystemCenter.VirtualMachineManager.2016.Monitoring,Microsoft.SystemCenter.VirtualMachineManager.2016.CloudStorageUsageGBMonitor,UnitMonitor,System Center 2016 Virtual Machine Manager Cloud StorageUsageGB,Monitors private cloud storage usage (in gigabytes),CriticalThreshold,int,90,
Microsoft.SystemCenter.VirtualMachineManager.2016.Monitoring,Microsoft.SystemCenter.VirtualMachineManager.2016.CloudStorageUsageGBMonitor,UnitMonitor,System Center 2016 Virtual Machine Manager Cloud StorageUsageGB,Monitors private cloud storage usage (in gigabytes),TimeoutSeconds,int,300,
Microsoft.SystemCenter.VirtualMachineManager.2016.Monitoring,Microsoft.SystemCenter.VirtualMachineManager.2016.AppHostStateMonitor,UnitMonitor,System Center 2016 Virtual Machine Manager Application Host State,Monitors the state of the Application host,Enabled,bool,TRUE,
Microsoft.SystemCenter.VirtualMachineManager.2016.Monitoring,Microsoft.SystemCenter.VirtualMachineManager.2016.AppHostStateMonitor,UnitMonitor,System Center 2016 Virtual Machine Manager Application Host State,Monitors the state of the Application host,TimeoutSeconds,int,180,
Microsoft.SystemCenter.VirtualMachineManager.2016.Monitoring,Microsoft.SystemCenter.VirtualMachineManager.2016.AppHostStateMonitor,UnitMonitor,System Center 2016 Virtual Machine Manager Application Host State,Monitors the state of the Application host,IntervalSeconds,int,180,
Microsoft.SystemCenter.VirtualMachineManager.2016.Monitoring,Microsoft.SystemCenter.VirtualMachineManager.2016.HostParentPartitionCPUUtilizationMonitor,UnitMonitor,System Center 2016 Virtual Machine Manager Host Parent Partition CPU Utilization,Monitors the CPU utilization on the parent partition,Enabled,bool,TRUE,
Microsoft.SystemCenter.VirtualMachineManager.2016.Monitoring,Microsoft.SystemCenter.VirtualMachineManager.2016.HostParentPartitionCPUUtilizationMonitor,UnitMonitor,System Center 2016 Virtual Machine Manager Host Parent Partition CPU Utilization,Monitors the CPU utilization on the parent partition,CriticalThreshold,int,90,
Microsoft.SystemCenter.VirtualMachineManager.2016.Monitoring,Microsoft.SystemCenter.VirtualMachineManager.2016.HostParentPartitionCPUUtilizationMonitor,UnitMonitor,System Center 2016 Virtual Machine Manager Host Parent Partition CPU Utilization,Monitors the CPU utilization on the parent partition,NumSamples,int,3,
Microsoft.SystemCenter.VirtualMachineManager.2016.Monitoring,Microsoft.SystemCenter.VirtualMachineManager.2016.HostParentPartitionCPUUtilizationMonitor,UnitMonitor,System Center 2016 Virtual Machine Manager Host Parent Partition CPU Utilization,Monitors the CPU utilization on the parent partition,WarningThreshold,int,80,
Microsoft.SystemCenter.VirtualMachineManager.2016.Monitoring,Microsoft.SystemCenter.VirtualMachineManager.2016.HostParentPartitionCPUUtilizationMonitor,UnitMonitor,System Center 2016 Virtual Machine Manager Host Parent Partition CPU Utilization,Monitors the CPU utilization on the parent partition,IntervalSeconds,int,180,
Microsoft.SystemCenter.VirtualMachineManager.2016.Monitoring,Microsoft.SystemCenter.VirtualMachineManager.2016.HostVMMAgentVersionMonitor,UnitMonitor,System Center 2016 Virtual Machine Manager Host VMM Agent Version,Monitors whether the version of the VMM agent on the virtualization host is out of date,Enabled,bool,TRUE,
Microsoft.SystemCenter.VirtualMachineManager.2016.Monitoring,Microsoft.SystemCenter.VirtualMachineManager.2016.HostVMMAgentVersionMonitor,UnitMonitor,System Center 2016 Virtual Machine Manager Host VMM Agent Version,Monitors whether the version of the VMM agent on the virtualization host is out of date,TimeoutSeconds,int,300,
Microsoft.SystemCenter.VirtualMachineManager.2016.Monitoring,Microsoft.SystemCenter.VirtualMachineManager.2016.HostVMMAgentVersionMonitor,UnitMonitor,System Center 2016 Virtual Machine Manager Host VMM Agent Version,Monitors whether the version of the VMM agent on the virtualization host is out of date,IntervalSeconds,int,7200,
Microsoft.SystemCenter.VirtualMachineManager.2016.Monitoring,Microsoft.SystemCenter.VirtualMachineManager.2016.HostCPUUtilizationMonitor,UnitMonitor,System Center 2016 Virtual Machine Manager Host CPU Utilization,Monitors the host CPU utilization,Enabled,bool,TRUE,
Microsoft.SystemCenter.VirtualMachineManager.2016.Monitoring,Microsoft.SystemCenter.VirtualMachineManager.2016.HostCPUUtilizationMonitor,UnitMonitor,System Center 2016 Virtual Machine Manager Host CPU Utilization,Monitors the host CPU utilization,CriticalThreshold,int,95,
Microsoft.SystemCenter.VirtualMachineManager.2016.Monitoring,Microsoft.SystemCenter.VirtualMachineManager.2016.HostCPUUtilizationMonitor,UnitMonitor,System Center 2016 Virtual Machine Manager Host CPU Utilization,Monitors the host CPU utilization,NumSamples,int,3,
Microsoft.SystemCenter.VirtualMachineManager.2016.Monitoring,Microsoft.SystemCenter.VirtualMachineManager.2016.HostCPUUtilizationMonitor,UnitMonitor,System Center 2016 Virtual Machine Manager Host CPU Utilization,Monitors the host CPU utilization,WarningThreshold,int,90,
Microsoft.SystemCenter.VirtualMachineManager.2016.Monitoring,Microsoft.SystemCenter.VirtualMachineManager.2016.HostCPUUtilizationMonitor,UnitMonitor,System Center 2016 Virtual Machine Manager Host CPU Utilization,Monitors the host CPU utilization,IntervalSeconds,int,180,
Microsoft.SystemCenter.VirtualMachineManager.2016.Monitoring,Microsoft.SystemCenter.VirtualMachineManager.2016.HyperVHostUpdate952247Monitor,UnitMonitor,System Center 2016 Virtual Machine Manager Hyper-V Host Update 952247,Monitors whether the VMM Hyper-V host update 952247 is installed,Enabled,bool,FALSE,
Microsoft.SystemCenter.VirtualMachineManager.2016.Monitoring,Microsoft.SystemCenter.VirtualMachineManager.2016.HyperVHostUpdate952247Monitor,UnitMonitor,System Center 2016 Virtual Machine Manager Hyper-V Host Update 952247,Monitors whether the VMM Hyper-V host update 952247 is installed,Arguments,string,,
Microsoft.SystemCenter.VirtualMachineManager.2016.Monitoring,Microsoft.SystemCenter.VirtualMachineManager.2016.HyperVHostUpdate952247Monitor,UnitMonitor,System Center 2016 Virtual Machine Manager Hyper-V Host Update 952247,Monitors whether the VMM Hyper-V host update 952247 is installed,TimeoutSeconds,int,300,
Microsoft.SystemCenter.VirtualMachineManager.2016.Monitoring,Microsoft.SystemCenter.VirtualMachineManager.2016.HyperVHostUpdate952247Monitor,UnitMonitor,System Center 2016 Virtual Machine Manager Hyper-V Host Update 952247,Monitors whether the VMM Hyper-V host update 952247 is installed,SyncTime,string,,
Microsoft.SystemCenter.VirtualMachineManager.2016.Monitoring,Microsoft.SystemCenter.VirtualMachineManager.2016.HyperVHostUpdate952247Monitor,UnitMonitor,System Center 2016 Virtual Machine Manager Hyper-V Host Update 952247,Monitors whether the VMM Hyper-V host update 952247 is installed,IntervalSeconds,int,86400,
Microsoft.SystemCenter.VirtualMachineManager.2016.Monitoring,Microsoft.SystemCenter.VirtualMachineManager.2016.HostRequiresUpdateMonitor,UnitMonitor,System Center 2016 Virtual Machine Manager Host Requires Update,Monitors whther the host requires an update,Enabled,bool,TRUE,
Microsoft.SystemCenter.VirtualMachineManager.2016.Monitoring,Microsoft.SystemCenter.VirtualMachineManager.2016.HostRequiresUpdateMonitor,UnitMonitor,System Center 2016 Virtual Machine Manager Host Requires Update,Monitors whther the host requires an update,TimeoutSeconds,int,300,
Microsoft.SystemCenter.VirtualMachineManager.2016.Monitoring,Microsoft.SystemCenter.VirtualMachineManager.2016.HostRequiresUpdateMonitor,UnitMonitor,System Center 2016 Virtual Machine Manager Host Requires Update,Monitors whther the host requires an update,IntervalSeconds,int,7200,
Microsoft.SystemCenter.VirtualMachineManager.Pro.2008.Library,Microsoft.SystemCenter.VirtualMachineManager.Pro.2008.RecoveryC.Group.DiscoveryRule,Discovery,PRO Automatic Recovery Critical Alerts,This discovery rule populates the group 'PRO Automatic Recovery Critical Alerts',Enabled,bool,TRUE,
Microsoft.SystemCenter.VirtualMachineManager.Pro.2008.Library,Microsoft.SystemCenter.VirtualMachineManager.Pro.2008.EnableC.Group.DiscoveryRule,Discovery,Populate PRO Critical Alerts,This discovery rule populates the group 'PRO Critical Alerts',Enabled,bool,TRUE,
Microsoft.SystemCenter.VirtualMachineManager.Pro.2008.Library,Microsoft.SystemCenter.VirtualMachineManager.Pro.2008.EnableWC.Group.DiscoveryRule,Discovery,Populate PRO Warnings and Critical Alerts,This discovery rule populates the group 'PRO Warnings and Critical Alerts',Enabled,bool,TRUE,
Microsoft.SystemCenter.VirtualMachineManager.Pro.2008.Library,Microsoft.SystemCenter.VirtualMachineManager.Pro.2008.RecoveryWC.Group.DiscoveryRule,Discovery,PRO Automatic Recovery Warnings and Critical Alerts,This discovery rule populates the group 'PRO Automatic Recovery Warnings and Critical Alerts',Enabled,bool,TRUE,
Microsoft.SystemCenter.VirtualMachineManager.PRO.2016.Diagnostics,Microsoft.SystemCenter.VirtualMachineManager.ProDiagnostics.2016.Recovery.Rule,Rule,PRO Diagnostics Recovery Rule,,Enabled,bool,FALSE,
Microsoft.SystemCenter.VirtualMachineManager.PRO.2016.Diagnostics,Microsoft.SystemCenter.VirtualMachineManager.ProDiagnostics.2016.Recovery.Rule,Rule,PRO Diagnostics Recovery Rule,,EventDescription,string,$Data/EventDescription$,
Microsoft.SystemCenter.VirtualMachineManager.PRO.2016.Diagnostics,Microsoft.SystemCenter.VirtualMachineManager.ProDiagnostics.2016.EventBasedMonitor,UnitMonitor,VMM PRO Diagnostics Monitor,,Enabled,bool,TRUE,
Microsoft.SystemCenter.VirtualMachineManager.PRO.V2.HyperV.HostPerformance,ProHostMaxDynamicMemoryUnitMonitor,UnitMonitor,Virtual Machine Manager Maximum Dynamic Memory Monitor,This is a unit monitor for checking if the sum total of maximum memory per virtual machine is greater than host's physical memory,Enabled,bool,FALSE,
Microsoft.SystemCenter.VirtualMachineManager.PRO.V2.HyperV.HostPerformance,ProHostMaxDynamicMemoryUnitMonitor,UnitMonitor,Virtual Machine Manager Maximum Dynamic Memory Monitor,This is a unit monitor for checking if the sum total of maximum memory per virtual machine is greater than host's physical memory,WarningThreshold,int,125,
Microsoft.SystemCenter.VirtualMachineManager.PRO.V2.HyperV.HostPerformance,ProHostMaxDynamicMemoryUnitMonitor,UnitMonitor,Virtual Machine Manager Maximum Dynamic Memory Monitor,This is a unit monitor for checking if the sum total of maximum memory per virtual machine is greater than host's physical memory,ErrorThreshold,int,150,
Microsoft.SystemCenter.VirtualMachineManager.PRO.V2.HyperV.HostPerformance,ProHostMaxDynamicMemoryUnitMonitor,UnitMonitor,Virtual Machine Manager Maximum Dynamic Memory Monitor,This is a unit monitor for checking if the sum total of maximum memory per virtual machine is greater than host's physical memory,IntervalSeconds,int,900,
Microsoft.SystemCenter.VirtualMachineManager.PRO.V2.HyperV.HostPerformance,ProHostVMMemoryPressureUnitMonitor,UnitMonitor,Virtual Machine Manager Dynamic Memory VM Pressure,This is a unit monitor to check if memory demand on a particular virtual machine exceeds the assigned memory by a certain percentage.,Enabled,bool,FALSE,
Microsoft.SystemCenter.VirtualMachineManager.PRO.V2.HyperV.HostPerformance,ProHostVMMemoryPressureUnitMonitor,UnitMonitor,Virtual Machine Manager Dynamic Memory VM Pressure,This is a unit monitor to check if memory demand on a particular virtual machine exceeds the assigned memory by a certain percentage.,IntervalSeconds,int,300,
Microsoft.SystemCenter.VirtualMachineManager.PRO.V2.HyperV.HostPerformance,ProHostVMMemoryPressureUnitMonitor,UnitMonitor,Virtual Machine Manager Dynamic Memory VM Pressure,This is a unit monitor to check if memory demand on a particular virtual machine exceeds the assigned memory by a certain percentage.,ErrorThreshold,int,100,
Microsoft.SystemCenter.VirtualMachineManager.PRO.V2.HyperV.HostPerformance,ProHostVMMemoryPressureUnitMonitor,UnitMonitor,Virtual Machine Manager Dynamic Memory VM Pressure,This is a unit monitor to check if memory demand on a particular virtual machine exceeds the assigned memory by a certain percentage.,ConsecutiveSamples,int,3,
Microsoft.SystemCenter.VirtualMachineManager.PRO.V2.HyperV.HostPerformance,ProHostVMMemoryPressureUnitMonitor,UnitMonitor,Virtual Machine Manager Dynamic Memory VM Pressure,This is a unit monitor to check if memory demand on a particular virtual machine exceeds the assigned memory by a certain percentage.,WarningThreshold,int,80,
Microsoft.SystemCenter.VirtualMachineManager.Storage.2016.Discovery,Microsoft.SystemCenter.VirtualMachineManager.2016.FileServer.HostBusAdapter.Discovery,Discovery,Host Bus Adapter Discovery,Host Bus Adapter Discovery,Enabled,bool,TRUE,
Microsoft.SystemCenter.VirtualMachineManager.Storage.2016.Discovery,Microsoft.SystemCenter.VirtualMachineManager.2016.FileServer.HostBusAdapter.Discovery,Discovery,Host Bus Adapter Discovery,Host Bus Adapter Discovery,Frequency,int,86400,
Microsoft.SystemCenter.VirtualMachineManager.Storage.2016.Discovery,Microsoft.SystemCenter.VirtualMachineManager.Storage.2016.Discovery.FileServerDiscovery,Discovery,Microsoft.SystemCenter.VirtualMachineManager.Storage.2016.Discovery.FileServerDiscovery,,Enabled,bool,TRUE,
Microsoft.SystemCenter.VirtualMachineManager.Storage.2016.Discovery,Microsoft.SystemCenter.VirtualMachineManager.Storage.2016.Discovery.FileServerDiscovery,Discovery,Microsoft.SystemCenter.VirtualMachineManager.Storage.2016.Discovery.FileServerDiscovery,,TimeoutSeconds,int,300,
Microsoft.SystemCenter.VirtualMachineManager.Storage.2016.Discovery,Microsoft.SystemCenter.VirtualMachineManager.Storage.2016.Discovery.FileServerDiscovery,Discovery,Microsoft.SystemCenter.VirtualMachineManager.Storage.2016.Discovery.FileServerDiscovery,,IntervalSeconds,int,21600,
Microsoft.SystemCenter.VirtualMachineManager.Storage.2016.Discovery,Microsoft.SystemCenter.VirtualMachineManager.Storage.2016.Discovery.Discovery,Discovery,Storage Objects Discovery,Storage Objects Discovery,Enabled,bool,TRUE,
Microsoft.SystemCenter.VirtualMachineManager.Storage.2016.Discovery,Microsoft.SystemCenter.VirtualMachineManager.Storage.2016.Discovery.Discovery,Discovery,Storage Objects Discovery,Storage Objects Discovery,TimeoutSeconds,int,300,
Microsoft.SystemCenter.VirtualMachineManager.Storage.2016.Discovery,Microsoft.SystemCenter.VirtualMachineManager.Storage.2016.Discovery.Discovery,Discovery,Storage Objects Discovery,Storage Objects Discovery,IntervalSeconds,int,21600,
Microsoft.SystemCenter.VirtualMachineManager.Storage.2016.Monitoring,Microsoft.SystemCenter.VirtualMachineManager.Storage.2016.StoragePool.RemainingManagedSpace.PerfData.Rule,Rule,Storage Pool Remaining Managed Space,Remaining Managed Space on the Storage Pool,Enabled,bool,TRUE,
Microsoft.SystemCenter.VirtualMachineManager.Storage.2016.Monitoring,Microsoft.SystemCenter.VirtualMachineManager.Storage.2016.StoragePool.RemainingManagedSpace.PerfData.Rule,Rule,Storage Pool Remaining Managed Space,Remaining Managed Space on the Storage Pool,IntervalSeconds,int,1800,
Microsoft.SystemCenter.VirtualMachineManager.Storage.2016.Monitoring,Microsoft.SystemCenter.VirtualMachineManager.Storage.2016.StoragePool.RemainingManagedSpace.PerfData.Rule,Rule,Storage Pool Remaining Managed Space,Remaining Managed Space on the Storage Pool,SyncTime,string,,
Microsoft.SystemCenter.VirtualMachineManager.Storage.2016.Monitoring,Microsoft.SystemCenter.VirtualMachineManager.Storage.2016.StoragePool.RemainingManagedSpace.PerfData.Rule,Rule,Storage Pool Remaining Managed Space,Remaining Managed Space on the Storage Pool,TimeoutSeconds,int,300,
Microsoft.SystemCenter.VirtualMachineManager.Storage.2016.Monitoring,Microsoft.SystemCenter.VirtualMachineManager.Storage.2016.StoragePool.TotalManagedSpace.PerfData.Rule,Rule,Storage Pool Total Managed Space,Total Managed Space on the Storage Pool,Enabled,bool,TRUE,
Microsoft.SystemCenter.VirtualMachineManager.Storage.2016.Monitoring,Microsoft.SystemCenter.VirtualMachineManager.Storage.2016.StoragePool.TotalManagedSpace.PerfData.Rule,Rule,Storage Pool Total Managed Space,Total Managed Space on the Storage Pool,IntervalSeconds,int,1800,
Microsoft.SystemCenter.VirtualMachineManager.Storage.2016.Monitoring,Microsoft.SystemCenter.VirtualMachineManager.Storage.2016.StoragePool.TotalManagedSpace.PerfData.Rule,Rule,Storage Pool Total Managed Space,Total Managed Space on the Storage Pool,SyncTime,string,,
Microsoft.SystemCenter.VirtualMachineManager.Storage.2016.Monitoring,Microsoft.SystemCenter.VirtualMachineManager.Storage.2016.StoragePool.TotalManagedSpace.PerfData.Rule,Rule,Storage Pool Total Managed Space,Total Managed Space on the Storage Pool,TimeoutSeconds,int,300,
Microsoft.SystemCenter.VirtualMachineManager.Storage.2016.Monitoring,Microsoft.SystemCenter.VirtualMachineManager.Storage.2016.HBA.PortState.Monitor,UnitMonitor,HBA Port State Monitor,Monitor for Storage HBA Port States,Enabled,bool,TRUE,
Microsoft.SystemCenter.VirtualMachineManager.Storage.2016.Monitoring,Microsoft.SystemCenter.VirtualMachineManager.Storage.2016.HBA.PortState.Monitor,UnitMonitor,HBA Port State Monitor,Monitor for Storage HBA Port States,DefaultPortCountPerAdapter,int,2,
Microsoft.SystemCenter.VirtualMachineManager.Storage.2016.Monitoring,Microsoft.SystemCenter.VirtualMachineManager.Storage.2016.HBA.PortState.Monitor,UnitMonitor,HBA Port State Monitor,Monitor for Storage HBA Port States,TimeoutSeconds,int,300,
Microsoft.SystemCenter.VirtualMachineManager.Storage.2016.Monitoring,Microsoft.SystemCenter.VirtualMachineManager.Storage.2016.HBA.PortState.Monitor,UnitMonitor,HBA Port State Monitor,Monitor for Storage HBA Port States,IntervalSeconds,int,900,
Microsoft.SystemCenter.VirtualMachineManager.Storage.2016.Monitoring,Microsoft.SystemCenter.VirtualMachineManager.Storage.2016.HBA.PortState.Monitor,UnitMonitor,HBA Port State Monitor,Monitor for Storage HBA Port States,SyncTime,string,,
Microsoft.SystemCenter.VirtualMachineManager.Storage.2016.Monitoring,Microsoft.SystemCenter.VirtualMachineManager.Storage.2016.HBA.PortState.Monitor,UnitMonitor,HBA Port State Monitor,Monitor for Storage HBA Port States,PortTypeFilter,string,*,
Microsoft.SystemCenter.VirtualMachineManager.Storage.2016.Monitoring,Microsoft.SystemCenter.VirtualMachineManager.Storage.2016.LUN.Threshold.Monitor,UnitMonitor,LUN Used Bytes Monitor,LUN Used Bytes Monitor.,Enabled,bool,TRUE,
Microsoft.SystemCenter.VirtualMachineManager.Storage.2016.Monitoring,Microsoft.SystemCenter.VirtualMachineManager.Storage.2016.LUN.StorageLUNCapacityMonitor,UnitMonitor,Storage LUN Capacity Monitor,,Enabled,bool,TRUE,
Microsoft.SystemCenter.VirtualMachineManager.Storage.2016.Monitoring,Microsoft.SystemCenter.VirtualMachineManager.Storage.2016.LUN.StorageLUNCapacityMonitor,UnitMonitor,Storage LUN Capacity Monitor,,WarningThreshold,int,80,
Microsoft.SystemCenter.VirtualMachineManager.Storage.2016.Monitoring,Microsoft.SystemCenter.VirtualMachineManager.Storage.2016.LUN.StorageLUNCapacityMonitor,UnitMonitor,Storage LUN Capacity Monitor,,TimeoutSeconds,int,300,
Microsoft.SystemCenter.VirtualMachineManager.Storage.2016.Monitoring,Microsoft.SystemCenter.VirtualMachineManager.Storage.2016.LUN.StorageLUNCapacityMonitor,UnitMonitor,Storage LUN Capacity Monitor,,IntervalSeconds,int,1800,
Microsoft.SystemCenter.VirtualMachineManager.Storage.2016.Monitoring,Microsoft.SystemCenter.VirtualMachineManager.Storage.2016.LUN.StorageLUNCapacityMonitor,UnitMonitor,Storage LUN Capacity Monitor,,CriticalThreshold,int,90,
Microsoft.SystemCenter.VirtualMachineManager.Storage.2016.Monitoring,Microsoft.SystemCenter.VirtualMachineManager.Storage.2016.FileShare.ShareVolumeCapacityMonitor,UnitMonitor,Storage File Share Capacity Monitor,,Enabled,bool,TRUE,
Microsoft.SystemCenter.VirtualMachineManager.Storage.2016.Monitoring,Microsoft.SystemCenter.VirtualMachineManager.Storage.2016.FileShare.ShareVolumeCapacityMonitor,UnitMonitor,Storage File Share Capacity Monitor,,WarningThreshold,int,80,
Microsoft.SystemCenter.VirtualMachineManager.Storage.2016.Monitoring,Microsoft.SystemCenter.VirtualMachineManager.Storage.2016.FileShare.ShareVolumeCapacityMonitor,UnitMonitor,Storage File Share Capacity Monitor,,TimeoutSeconds,int,300,
Microsoft.SystemCenter.VirtualMachineManager.Storage.2016.Monitoring,Microsoft.SystemCenter.VirtualMachineManager.Storage.2016.FileShare.ShareVolumeCapacityMonitor,UnitMonitor,Storage File Share Capacity Monitor,,IntervalSeconds,int,1800,
Microsoft.SystemCenter.VirtualMachineManager.Storage.2016.Monitoring,Microsoft.SystemCenter.VirtualMachineManager.Storage.2016.FileShare.ShareVolumeCapacityMonitor,UnitMonitor,Storage File Share Capacity Monitor,,CriticalThreshold,int,90,
Microsoft.SystemCenter.VirtualMachineManager.Storage.2016.Monitoring,Microsoft.SystemCenter.VirtualMachineManager.Storage.2016.Pool.Threshold.Monitor,UnitMonitor,Pool Used Bytes Monitor,Pool Used Bytes Monitor.,Enabled,bool,TRUE,
Microsoft.SystemCenter.VirtualMachineManager.Storage.2016.Monitoring,Microsoft.SystemCenter.VirtualMachineManager.Storage.2016.Pool.OverProvisionMonitor,UnitMonitor,Storage Pool Overprovisioning Monitor,,Enabled,bool,TRUE,
Microsoft.SystemCenter.VirtualMachineManager.Storage.2016.Monitoring,Microsoft.SystemCenter.VirtualMachineManager.Storage.2016.Pool.OverProvisionMonitor,UnitMonitor,Storage Pool Overprovisioning Monitor,,IntervalSeconds,int,1800,
Microsoft.SystemCenter.VirtualMachineManager.Storage.2016.Monitoring,Microsoft.SystemCenter.VirtualMachineManager.Storage.2016.Pool.OverProvisionMonitor,UnitMonitor,Storage Pool Overprovisioning Monitor,,TimeoutSeconds,int,300,
Microsoft.SystemCenter.VirtualMachineManager.Storage.2016.Monitoring,Microsoft.SystemCenter.VirtualMachineManager.Storage.2016.Pool.OverProvisionMonitor,UnitMonitor,Storage Pool Overprovisioning Monitor,,MaxValue,int,90,
