ManagementPackId,WorkflowId,WorkflowType,DisplayName,Description,OverrideParameterName,OverrideParameterType,DefaultValue,Custom,Notes
Microsoft.Windows.Client.Win10,Microsoft.Windows.Client.Win10.NetworkAdapter.Discovery,Discovery,Discover Network Adapters (Only Enabled),This rule uses WMI to discover all network adapters reported by Windows.,Enabled,bool,true,,
Microsoft.Windows.Client.Win10,Microsoft.Windows.Client.Win10.NetworkAdapter.Discovery,Discovery,Discover Network Adapters (Only Enabled),This rule uses WMI to discover all network adapters reported by Windows.,DiscoverDisabledNetworkAdapters,bool,false,,
Microsoft.Windows.Client.Win10,Microsoft.Windows.Client.Win10.NetworkAdapter.Discovery,Discovery,Discover Network Adapters (Only Enabled),This rule uses WMI to discover all network adapters reported by Windows.,TimeoutSeconds,int,360,,
Microsoft.Windows.Client.Win10,Microsoft.Windows.Client.Win10.NetworkAdapter.Discovery,Discovery,Discover Network Adapters (Only Enabled),This rule uses WMI to discover all network adapters reported by Windows.,IntervalSeconds,int,86820,,
Microsoft.Windows.Client.Win10,Microsoft.Windows.Client.Win10.DiskPartitionContainsLogicalDisk.Discovery,Discovery,Disk Partition to Logical Disk Discovery Rule,This rule discovers the relationships between disk partitions and logical disks,Enabled,bool,true,,
Microsoft.Windows.Client.Win10,Microsoft.Windows.Client.Win10.DiskPartitionContainsLogicalDisk.Discovery,Discovery,Disk Partition to Logical Disk Discovery Rule,This rule discovers the relationships between disk partitions and logical disks,Frequency,int,86580,,
Microsoft.Windows.Client.Win10,Microsoft.Windows.Client.Win10.AllClientsComputerGroupDiscovery,Discovery,Populate All Windows 10 Computer Group,This rule populates Windows 10 Computer Group.,Enabled,bool,true,,
Microsoft.Windows.Client.Win10,Microsoft.Windows.Client.Win10.CPU.Discovery,Discovery,Discover Windows CPUs,This rule uses WMI to discover all processors reported by Windows.,Enabled,bool,true,,
Microsoft.Windows.Client.Win10,Microsoft.Windows.Client.Win10.CPU.Discovery,Discovery,Discover Windows CPUs,This rule uses WMI to discover all processors reported by Windows.,TimeoutSeconds,int,360,,
Microsoft.Windows.Client.Win10,Microsoft.Windows.Client.Win10.CPU.Discovery,Discovery,Discover Windows CPUs,This rule uses WMI to discover all processors reported by Windows.,IntervalSeconds,int,86640,,
Microsoft.Windows.Client.Win10,Microsoft.Windows.Client.Win10.PhysicalDisk.Discovery,Discovery,Discover Windows Physical Disks,This rule uses WMI to discover all Windows physical disks.,Enabled,bool,true,,
Microsoft.Windows.Client.Win10,Microsoft.Windows.Client.Win10.PhysicalDisk.Discovery,Discovery,Discover Windows Physical Disks,This rule uses WMI to discover all Windows physical disks.,IntervalSeconds,int,86880,,
Microsoft.Windows.Client.Win10,Microsoft.Windows.Client.Win10.PhysicalDisk.Discovery,Discovery,Discover Windows Physical Disks,This rule uses WMI to discover all Windows physical disks.,TimeoutSeconds,int,360,,
Microsoft.Windows.Client.Win10,Microsoft.Windows.Client.Win10.PhysicalDiskContainsDiskPartition.Discovery,Discovery,Physical Disk to Disk Partition Discovery Rule,This rule discovers the relationships between physical disks and disk partitions,Enabled,bool,true,,
Microsoft.Windows.Client.Win10,Microsoft.Windows.Client.Win10.PhysicalDiskContainsDiskPartition.Discovery,Discovery,Physical Disk to Disk Partition Discovery Rule,This rule discovers the relationships between physical disks and disk partitions,Frequency,int,86940,,
Microsoft.Windows.Client.Win10,Microsoft.Windows.Client.Win10.Computer.Discovery,Discovery,Discover Windows 10,This rule discovers Windows 10,Enabled,bool,true,,
Microsoft.Windows.Client.Win10,Microsoft.Windows.Client.Win10.Computer.Discovery,Discovery,Discover Windows 10,This rule discovers Windows 10,IntervalSeconds,int,86400,,
Microsoft.Windows.Client.Win10,Microsoft.Windows.Client.Win10.LogicalDisk.Discovery,Discovery,Discover Windows Logical Disks,This rule uses WMI to discover all Windows logical disks excluding removable drives and network drives.  This rule does not discover drives mounted with no drive letter.  There is a separate discovery rule for such drives.,Enabled,bool,true,,
Microsoft.Windows.Client.Win10,Microsoft.Windows.Client.Win10.LogicalDisk.Discovery,Discovery,Discover Windows Logical Disks,This rule uses WMI to discover all Windows logical disks excluding removable drives and network drives.  This rule does not discover drives mounted with no drive letter.  There is a separate discovery rule for such drives.,Frequency,int,86460,,
Microsoft.Windows.Client.Win10,Microsoft.Windows.Client.Win10.OperatingSystem.Discovery,Discovery,Discover Windows 10 Operating System,This rule discovers Windows 10 Operating System.,Enabled,bool,true,,
Microsoft.Windows.Client.Win10,Microsoft.Windows.Client.Win10.OperatingSystem.Discovery,Discovery,Discover Windows 10 Operating System,This rule discovers Windows 10 Operating System.,IntervalSeconds,int,86400,,
Microsoft.Windows.Client.Win10,Microsoft.Windows.Client.Win10.NetworkAdapter.All.Discovery,Discovery,Discover Network Adapters (Both Enabled and Disabled),This rule uses WMI to discover all network adapters reported by Windows.,Enabled,bool,false,,
Microsoft.Windows.Client.Win10,Microsoft.Windows.Client.Win10.NetworkAdapter.All.Discovery,Discovery,Discover Network Adapters (Both Enabled and Disabled),This rule uses WMI to discover all network adapters reported by Windows.,DiscoverDisabledNetworkAdapters,bool,true,,
Microsoft.Windows.Client.Win10,Microsoft.Windows.Client.Win10.NetworkAdapter.All.Discovery,Discovery,Discover Network Adapters (Both Enabled and Disabled),This rule uses WMI to discover all network adapters reported by Windows.,TimeoutSeconds,int,360,,
Microsoft.Windows.Client.Win10,Microsoft.Windows.Client.Win10.NetworkAdapter.All.Discovery,Discovery,Discover Network Adapters (Both Enabled and Disabled),This rule uses WMI to discover all network adapters reported by Windows.,IntervalSeconds,int,86760,,
Microsoft.Windows.Client.Win10,Microsoft.Windows.Client.Win10.DiskPartition.Discovery,Discovery,Discover Windows Disk Partitions,This rule uses WMI to discover all Windows disk partitions.,Enabled,bool,true,,
Microsoft.Windows.Client.Win10,Microsoft.Windows.Client.Win10.DiskPartition.Discovery,Discovery,Discover Windows Disk Partitions,This rule uses WMI to discover all Windows disk partitions.,Frequency,int,86700,,
Microsoft.Windows.Client.Win10.Aggregate,Microsoft.Windows.Client.Win10.Computer.ShutdownDriver.Collection,Rule,Windows 10 Aggregate Shutdown Driver Collection,,Enabled,bool,true,,
Microsoft.Windows.Client.Win10.Aggregate,Microsoft.Windows.Client.Win10.Computer.ShellPerfCPURoot.Collection,Rule,Windows 10 Aggregate Shell Performance CPU Root Collection,,Enabled,bool,true,,
Microsoft.Windows.Client.Win10.Aggregate,Microsoft.Windows.Client.Win10.Computer.DFD.Collection,Rule,Windows 10 Aggregate DFD Collection,,Enabled,bool,true,,
Microsoft.Windows.Client.Win10.Aggregate,Microsoft.Windows.Client.Win10.Computer.StandbyHibernate.Collection,Rule,Windows 10 Aggregate Standby Hibernate Collection,,Enabled,bool,true,,
Microsoft.Windows.Client.Win10.Aggregate,Microsoft.Windows.Client.Win10.Computer.CollectDiskFailureData,Rule,Windows 10 Aggregate Collect Disk Failure Data,,Enabled,bool,true,,
Microsoft.Windows.Client.Win10.Aggregate,Microsoft.Windows.Client.Win10.Computer.CollectShellPerfRootCauseData,Rule,Windows 10 Aggregate Collect Shell Performance Root Cause Data,,Enabled,bool,true,,
Microsoft.Windows.Client.Win10.Aggregate,Microsoft.Windows.Client.Win10.Computer.ShutdownApp.Collection,Rule,Windows 10 Aggregate Shutdown Application Collection,,Enabled,bool,true,,
Microsoft.Windows.Client.Win10.Aggregate,Microsoft.Windows.Client.Win10.Computer.RADAR.Collection,Rule,Windows 10 Aggregate RADAR Collection,,Enabled,bool,true,,
Microsoft.Windows.Client.Win10.Aggregate,Microsoft.Windows.Client.Win10.Computer.CollectClientPerfData.StandByPerf,Rule,Windows 10 Aggregate Collect Client Performance Stand By Data,,Enabled,bool,true,,
Microsoft.Windows.Client.Win10.Aggregate,Microsoft.Windows.Client.Win10.Computer.PageCorruption.Collection,Rule,Windows 10 Aggregate Page Corruption Collection,,Enabled,bool,true,,
Microsoft.Windows.Client.Win10.Aggregate,Microsoft.Windows.Client.Win10.Computer.ShellPerfRootDriver.Collection,Rule,Windows 10 Aggregate Shell Performance Root Driver Collection,,Enabled,bool,true,,
Microsoft.Windows.Client.Win10.Aggregate,Microsoft.Windows.Client.Win10.Computer.CollectMemoryFailureData,Rule,Windows 10 Aggregate Collect Memory Failure Data,,Enabled,bool,true,,
Microsoft.Windows.Client.Win10.Aggregate,Microsoft.Windows.Client.Win10.Computer.CollectClientPerfRootCauseData,Rule,Windows 10 Aggregate Collect Client Performance Root Cause Data,,Enabled,bool,true,,
Microsoft.Windows.Client.Win10.Aggregate,Microsoft.Windows.Client.Win10.Computer.CollectClientPerfRootCause.BootPolicyData,Rule,Windows 10 Aggregate Collect Client Performance Root Cause Boot Policy Data,,Enabled,bool,true,,
Microsoft.Windows.Client.Win10.Aggregate,Microsoft.Windows.Client.Win10.Computer.WMD_MemoryFailed.Collection,Rule,Windows 10 Aggregate WMD Memory Failed Collection,,Enabled,bool,true,,
Microsoft.Windows.Client.Win10.Aggregate,Microsoft.Windows.Client.Win10.Computer.ShellPerfRootDisk.Collection,Rule,Windows 10 Aggregate Shell Performance Root Disk Collection,,Enabled,bool,true,,
Microsoft.Windows.Client.Win10.Aggregate,Microsoft.Windows.Client.Win10.Computer.ShellPerfRootFile.Collection,Rule,Windows 10 Aggregate Shell Performance Root File Collection,,Enabled,bool,true,,
Microsoft.Windows.Client.Win10.Aggregate,Microsoft.Windows.Client.Win10.Computer.BootService.Collection,Rule,Windows 10 Aggregate Boot Service Collection,,Enabled,bool,true,,
Microsoft.Windows.Client.Win10.Aggregate,Microsoft.Windows.Client.Win10.Computer.ShutdownClientPerf.Collection,Rule,Windows 10 Aggregate Shutdown Client Performance Collection,,Enabled,bool,true,,
Microsoft.Windows.Client.Win10.Aggregate,Microsoft.Windows.Client.Win10.Computer.StandbyFlushFile.Collection,Rule,Windows 10 Aggregate Standby Flush File Collection,,Enabled,bool,true,,
Microsoft.Windows.Client.Win10.Aggregate,Microsoft.Windows.Client.Win10.Computer.ShellPerf.Collection,Rule,Windows 10 Aggregate Shell Performance Collection,,Enabled,bool,true,,
Microsoft.Windows.Client.Win10.Aggregate,Microsoft.Windows.Client.Win10.Computer.ShellPerfRootMemory.Collection,Rule,Windows 10 Aggregate Shell Performance Root Memory Collection,,Enabled,bool,true,,
Microsoft.Windows.Client.Win10.Aggregate,Microsoft.Windows.Client.Win10.Computer.CollectShellPerfData,Rule,Windows 10 Aggregate Collect Shell Performance Data,,Enabled,bool,true,,
Microsoft.Windows.Client.Win10.Aggregate,Microsoft.Windows.Client.Win10.Computer.COFIRE_NotFixed.Collection,Rule,Windows 10 Aggregate COFIRE Not Fixed Collection,,Enabled,bool,true,,
Microsoft.Windows.Client.Win10.Aggregate,Microsoft.Windows.Client.Win10.Computer.CollectMemoryHealthData,Rule,Windows 10 Aggregate Collect Memory Health Data,,Enabled,bool,true,,
Microsoft.Windows.Client.Win10.Aggregate,Microsoft.Windows.Client.Win10.ComputerGroup.MemoryTrendsRAM,Rule,Windows 10 Aggregate Memory Trends RAM,,Enabled,bool,true,,
Microsoft.Windows.Client.Win10.Aggregate,Microsoft.Windows.Client.Win10.ComputerGroup.MemoryTrendsRAM,Rule,Windows 10 Aggregate Memory Trends RAM,,Severity,int,1,,
Microsoft.Windows.Client.Win10.Aggregate,Microsoft.Windows.Client.Win10.ComputerGroup.MemoryTrendsRAM,Rule,Windows 10 Aggregate Memory Trends RAM,,Priority,int,1,,
Microsoft.Windows.Client.Win10.Aggregate,Microsoft.Windows.Client.Win10.ComputerGroup.DiskTrendsDisk,Rule,Windows 10 Aggregate Disk Trends Disk,,Enabled,bool,true,,
Microsoft.Windows.Client.Win10.Aggregate,Microsoft.Windows.Client.Win10.ComputerGroup.DiskTrendsDisk,Rule,Windows 10 Aggregate Disk Trends Disk,,Severity,int,1,,
Microsoft.Windows.Client.Win10.Aggregate,Microsoft.Windows.Client.Win10.ComputerGroup.DiskTrendsDisk,Rule,Windows 10 Aggregate Disk Trends Disk,,Priority,int,1,,
Microsoft.Windows.Client.Win10.Aggregate,Microsoft.Windows.Client.Win10.Computer.COFIRE_FixedR.Collection,Rule,Windows 10 Aggregate COFIRE Fixed R Collection,,Enabled,bool,true,,
Microsoft.Windows.Client.Win10.Aggregate,Microsoft.Windows.Client.Win10.Computer.ResumeHibernate.Collection,Rule,Windows 10 Aggregate Resume Hibernate Collection,,Enabled,bool,true,,
Microsoft.Windows.Client.Win10.Aggregate,Microsoft.Windows.Client.Win10.Computer.StandbyDriver.Collection,Rule,Windows 10 Aggregate Standby Driver Collection,,Enabled,bool,true,,
Microsoft.Windows.Client.Win10.Aggregate,Microsoft.Windows.Client.Win10.Computer.StandbyService.Collection,Rule,Windows 10 Aggregate Standby Service Collection,,Enabled,bool,true,,
Microsoft.Windows.Client.Win10.Aggregate,Microsoft.Windows.Client.Win10.Computer.COFIRE_FixedNR.Collection,Rule,Windows 10 Aggregate COFIRE Fixed NR Collection,,Enabled,bool,true,,
Microsoft.Windows.Client.Win10.Aggregate,Microsoft.Windows.Client.Win10.ComputerGroup.DiskTrendsComputer,Rule,Windows 10 Aggregate Disk Trends Computer,,Enabled,bool,true,,
Microsoft.Windows.Client.Win10.Aggregate,Microsoft.Windows.Client.Win10.ComputerGroup.DiskTrendsComputer,Rule,Windows 10 Aggregate Disk Trends Computer,,Severity,int,1,,
Microsoft.Windows.Client.Win10.Aggregate,Microsoft.Windows.Client.Win10.ComputerGroup.DiskTrendsComputer,Rule,Windows 10 Aggregate Disk Trends Computer,,Priority,int,1,,
Microsoft.Windows.Client.Win10.Aggregate,Microsoft.Windows.Client.Win10.Computer.ShutdownService.Collection,Rule,Windows 10 Aggregate Shutdown Service Collection,,Enabled,bool,true,,
Microsoft.Windows.Client.Win10.Aggregate,Microsoft.Windows.Client.Win10.Computer.ResumeDriver.Collection,Rule,Windows 10 Aggregate Resume Driver Collection,,Enabled,bool,true,,
Microsoft.Windows.Client.Win10.Aggregate,Microsoft.Windows.Client.Win10.Computer.BootDriver.Collection,Rule,Windows 10 Aggregate Boot Driver Collection,,Enabled,bool,true,,
Microsoft.Windows.Client.Win10.Aggregate,Microsoft.Windows.Client.Win10.Computer.StandbyClientPerf.Collection,Rule,Windows 10 Aggregate Standby Client Perf Collection,,Enabled,bool,true,,
Microsoft.Windows.Client.Win10.Aggregate,Microsoft.Windows.Client.Win10.Computer.BootApp.Collection,Rule,Windows 10 Aggregate Boot Application Collection,,Enabled,bool,true,,
Microsoft.Windows.Client.Win10.Aggregate,Microsoft.Windows.Client.Win10.Computer.ShellPerfRootLongDriver.Collection,Rule,Windows 10 Aggregate Shell Performance Root Long Driver Collection,,Enabled,bool,true,,
Microsoft.Windows.Client.Win10.Aggregate,Microsoft.Windows.Client.Win10.Computer.BootPolicy.Collection,Rule,Windows 10 Aggregate Boot Policy Collection,,Enabled,bool,true,,
Microsoft.Windows.Client.Win10.Aggregate,Microsoft.Windows.Client.Win10.Computer.BootDevice.Collection,Rule,Windows 10 Aggregate Boot Device Collection,,Enabled,bool,true,,
Microsoft.Windows.Client.Win10.Aggregate,Microsoft.Windows.Client.Win10.Computer.CollectClientPerfData.ShutDown,Rule,Windows 10 Aggregate Collect Client Performance Shut Down Data,,Enabled,bool,true,,
Microsoft.Windows.Client.Win10.Aggregate,Microsoft.Windows.Client.Win10.Computer.BootClientPerf.Collection,Rule,Windows 10 Aggregate Boot Client Performance Collection,,Enabled,bool,true,,
Microsoft.Windows.Client.Win10.Aggregate,Microsoft.Windows.Client.Win10.ComputerGroup.ShellPerfTrends,Rule,Windows 10 Aggregate Shell Performance Trends,,Enabled,bool,true,,
Microsoft.Windows.Client.Win10.Aggregate,Microsoft.Windows.Client.Win10.ComputerGroup.ShellPerfTrends,Rule,Windows 10 Aggregate Shell Performance Trends,,Severity,int,1,,
Microsoft.Windows.Client.Win10.Aggregate,Microsoft.Windows.Client.Win10.ComputerGroup.ShellPerfTrends,Rule,Windows 10 Aggregate Shell Performance Trends,,Priority,int,1,,
Microsoft.Windows.Client.Win10.Aggregate,Microsoft.Windows.Client.Win10.Computer.StandbyApp.Collection,Rule,Windows 10 Aggregate Standby Application Collection,,Enabled,bool,true,,
Microsoft.Windows.Client.Win10.Aggregate,Microsoft.Windows.Client.Win10.Computer.CollectClientPerfData,Rule,Windows 10 Aggregate Collect Client Performance Data,,Enabled,bool,true,,
Microsoft.Windows.Client.Win10.Aggregate,Microsoft.Windows.Client.Win10.Computer.WMD_Failed.Monitor,UnitMonitor,Aggregate Windows Memory Diagnostics Monitor,Monitor detects problems in Windows Memory Diagnostics,Enabled,bool,true,,
Microsoft.Windows.Client.Win10.Aggregate,Microsoft.Windows.Client.Win10.PhysicalDisk.COFIRE_FixedNR.Monitor,UnitMonitor,Aggregate Repaired Corrupted System File Monitor,Monitor reports when the Corrupted File Recovery server repairs a corrupted file,Enabled,bool,true,,
Microsoft.Windows.Client.Win10.Aggregate,Microsoft.Windows.Client.Win10.PhysicalDisk.COFIRE_Failed.Monitor,UnitMonitor,Aggregate Corrupted File Recovery Server Monitor,Monitor detects problems in the Corrupted File Recovery server,Enabled,bool,true,,
Microsoft.Windows.Client.Win10.Aggregate,Microsoft.Windows.Client.Win10.Computer.WMD_MemoryFailed.Monitor,UnitMonitor,Aggregate Memory Failure Monitor,Monitor reports memory failures detected by Windows Memory Diagnostics,Enabled,bool,true,,
Microsoft.Windows.Client.Win10.Aggregate,Microsoft.Windows.Client.Win10.Computer.RADAR_Error.Monitor,UnitMonitor,Aggregate Frequent Memory Exhaustion Monitor,Monitor reports when the Resource Exhaustion Detector detects frequent memory exhaustion,Enabled,bool,true,,
Microsoft.Windows.Client.Win10.Aggregate,Microsoft.Windows.Client.Win10.PhysicalDisk.FileSystemCorruption.Monitor,UnitMonitor,Aggregate File System Corruption Monitor,Monitor detects file system corruption on NTFS volumes,Enabled,bool,true,,
Microsoft.Windows.Client.Win10.Aggregate,Microsoft.Windows.Client.Win10.Computer.ShellPerformance.Monitor,UnitMonitor,Aggregate Shell Performance Monitor,Monitor detects problems with shell performance,Enabled,bool,true,,
Microsoft.Windows.Client.Win10.Aggregate,Microsoft.Windows.Client.Win10.PhysicalDisk.COFIRE_FixedR.Monitor,UnitMonitor,Aggregate Repaired with Reboot Corrupted System File Monitor,"Monitor reports when the Corrupted File Recovery server repairs a corrupted file, and requires a reboot",Enabled,bool,true,,
Microsoft.Windows.Client.Win10.Aggregate,Microsoft.Windows.Client.Win10.Computer.PageCorruption.Monitor,UnitMonitor,Aggregate Page Corruption Monitor,Monitor reports page corruptions,Enabled,bool,true,,
Microsoft.Windows.Client.Win10.Aggregate,Microsoft.Windows.Client.Win10.Computer.RADAR_Warning.Monitor,UnitMonitor,Aggregate Intermittent Memory Exhaustion Monitor,Monitor reports when the Resource Exhaustion Detector detects intermittent memory exhaustion,Enabled,bool,true,,
Microsoft.Windows.Client.Win10.Aggregate,Microsoft.Windows.Client.Win10.PhysicalDisk.COFIRE_NotFixed.Monitor,UnitMonitor,Aggregate Irreparable Corrupted System File Monitor,Monitor reports when the Corrupted File Recovery server detects a corrupted file that it cannot automatically repair,Enabled,bool,true,,
Microsoft.Windows.Client.Win10.Aggregate,Microsoft.Windows.Client.Win10.Aggregate.LogicalDisk.Discovery,Discovery,Windows 10 Aggregate Logical Disk Discovery,The workflow discovers Windows 10 Aggregate Logical Disk,Enabled,bool,true,,
Microsoft.Windows.Client.Win10.Aggregate,Microsoft.Windows.Client.Win10.Aggregate.LogicalDisk.Discovery,Discovery,Windows 10 Aggregate Logical Disk Discovery,The workflow discovers Windows 10 Aggregate Logical Disk,Frequency,int,604800,,
Microsoft.Windows.Client.Win10.Aggregate,Microsoft.Windows.Client.Win10.Aggregate.LogicalDisk.LogicalDiskSystemDrive,Discovery,Windows 10 Aggregate Logical Disk System Drive Discovery,The workflow discovers the System Drive property for Windows 10 Aggregate Logical Disk,Enabled,bool,true,,
Microsoft.Windows.Client.Win10.Aggregate,Microsoft.Windows.Client.Win10.Aggregate.LogicalDisk.LogicalDiskSystemDrive,Discovery,Windows 10 Aggregate Logical Disk System Drive Discovery,The workflow discovers the System Drive property for Windows 10 Aggregate Logical Disk,Frequency,int,86400,,
Microsoft.Windows.Client.Win10.Aggregate,Microsoft.Windows.Client.Win10.Aggregate.PhysicalDIMM.Discovery,Discovery,Windows 10 Aggregate Physical DIMM Discovery,The workflow discovers the Windows 10 Aggregate Physical DIMM,Enabled,bool,true,,
Microsoft.Windows.Client.Win10.Aggregate,Microsoft.Windows.Client.Win10.Aggregate.PhysicalDIMM.Discovery,Discovery,Windows 10 Aggregate Physical DIMM Discovery,The workflow discovers the Windows 10 Aggregate Physical DIMM,Frequency,int,86400,,
Microsoft.Windows.Client.Win10.Aggregate,Microsoft.Windows.Client.Win10.Aggregate.PhysicalDisk.Discovery,Discovery,Windows 10 Aggregate Physical Disk Discovery,The workflow discovers the Windows 10 Aggregate Physical Disk,Enabled,bool,true,,
Microsoft.Windows.Client.Win10.Aggregate,Microsoft.Windows.Client.Win10.Aggregate.Computer.ComputerDiscovery,Discovery,Helps Discover Windows 10 Aggregate Clients,This rule helps discover Windows 10 for monitoring,Enabled,bool,true,,
Microsoft.Windows.Client.Win10.Aggregate,Microsoft.Windows.Client.Win10.Aggregate.Computer.ComputerDiscovery,Discovery,Helps Discover Windows 10 Aggregate Clients,This rule helps discover Windows 10 for monitoring,Frequency,int,86400,,
Microsoft.Windows.Client.Win10.Aggregate,Microsoft.Windows.Client.Win10.Aggregate.Computer.OSDiscovery,Discovery,Helps Discover Windows 10 Aggregate Clients,This rule helps discover Windows 10 for monitoring,Enabled,bool,true,,
Microsoft.Windows.Client.Win10.Aggregate,Microsoft.Windows.Client.Win10.Aggregate.Computer.OSDiscovery,Discovery,Helps Discover Windows 10 Aggregate Clients,This rule helps discover Windows 10 for monitoring,Frequency,int,86400,,
Microsoft.Windows.Client.Win10.Monitoring,Microsoft.Windows.Client.Win10.PhysicalDisk.DiskReadsPerSec.Collection,Rule,Physical Disk Reads per Second,Collects the performance counter PhysicalDisk\Disk Reads/sec,Enabled,bool,false,,
Microsoft.Windows.Client.Win10.Monitoring,Microsoft.Windows.Client.Win10.PhysicalDisk.DiskReadsPerSec.Collection,Rule,Physical Disk Reads per Second,Collects the performance counter PhysicalDisk\Disk Reads/sec,Tolerance,double,10,,
Microsoft.Windows.Client.Win10.Monitoring,Microsoft.Windows.Client.Win10.PhysicalDisk.DiskReadsPerSec.Collection,Rule,Physical Disk Reads per Second,Collects the performance counter PhysicalDisk\Disk Reads/sec,MaximumSampleSeparation,int,4,,
Microsoft.Windows.Client.Win10.Monitoring,Microsoft.Windows.Client.Win10.PhysicalDisk.DiskReadsPerSec.Collection,Rule,Physical Disk Reads per Second,Collects the performance counter PhysicalDisk\Disk Reads/sec,Frequency,int,900,,
Microsoft.Windows.Client.Win10.Monitoring,Microsoft.Windows.Client.Win10.OperatingSystem.ShareConfigurationInvalid.Collection,Rule,Share Configuration Invalid Collection,,Enabled,bool,false,,
Microsoft.Windows.Client.Win10.Monitoring,Microsoft.Windows.Client.Win10.PhysicalDisk.AvgDiskSecPerTransfer.Collection,Rule,Physical Disk Average Disk Seconds per Transfer,Collects the performance counter PhysicalDisk\Avg. Disk sec/Transfer.,Enabled,bool,false,,
Microsoft.Windows.Client.Win10.Monitoring,Microsoft.Windows.Client.Win10.PhysicalDisk.AvgDiskSecPerTransfer.Collection,Rule,Physical Disk Average Disk Seconds per Transfer,Collects the performance counter PhysicalDisk\Avg. Disk sec/Transfer.,Tolerance,double,0.005,,
Microsoft.Windows.Client.Win10.Monitoring,Microsoft.Windows.Client.Win10.PhysicalDisk.AvgDiskSecPerTransfer.Collection,Rule,Physical Disk Average Disk Seconds per Transfer,Collects the performance counter PhysicalDisk\Avg. Disk sec/Transfer.,MaximumSampleSeparation,int,4,,
Microsoft.Windows.Client.Win10.Monitoring,Microsoft.Windows.Client.Win10.PhysicalDisk.AvgDiskSecPerTransfer.Collection,Rule,Physical Disk Average Disk Seconds per Transfer,Collects the performance counter PhysicalDisk\Avg. Disk sec/Transfer.,Frequency,int,900,,
Microsoft.Windows.Client.Win10.Monitoring,Microsoft.Windows.Client.Win10.OperatingSystem.MemoryPagesPerSec.Collection,Rule,Memory Pages per Second,Collects the performance counter Memory\Pages Reads/Sec.,Enabled,bool,false,,
Microsoft.Windows.Client.Win10.Monitoring,Microsoft.Windows.Client.Win10.OperatingSystem.MemoryPagesPerSec.Collection,Rule,Memory Pages per Second,Collects the performance counter Memory\Pages Reads/Sec.,Tolerance,double,0,,
Microsoft.Windows.Client.Win10.Monitoring,Microsoft.Windows.Client.Win10.OperatingSystem.MemoryPagesPerSec.Collection,Rule,Memory Pages per Second,Collects the performance counter Memory\Pages Reads/Sec.,MaximumSampleSeparation,int,4,,
Microsoft.Windows.Client.Win10.Monitoring,Microsoft.Windows.Client.Win10.OperatingSystem.MemoryPagesPerSec.Collection,Rule,Memory Pages per Second,Collects the performance counter Memory\Pages Reads/Sec.,Frequency,int,900,,
Microsoft.Windows.Client.Win10.Monitoring,Microsoft.Windows.Client.Win10.OperatingSystem.ServiceTerminatedUnexpextedly.Collection,Rule,Service Terminated Unexpectedly Collection,,Enabled,bool,false,,
Microsoft.Windows.Client.Win10.Monitoring,Microsoft.Windows.Client.Win10.OperatingSystem.CheckingFileSystemOccuredOnStartup.Collection,Rule,Checking File System Occurred on Startup,This event indicates that the system ran a chkdsk on startup,Enabled,bool,false,,
Microsoft.Windows.Client.Win10.Monitoring,Microsoft.Windows.Client.Win10.NetworkAdapter.BytesReceivedPerSec.Collection.MissionCritical,Rule,Bytes Received Per Sec Collection Mission Critical,,Enabled,bool,false,,
Microsoft.Windows.Client.Win10.Monitoring,Microsoft.Windows.Client.Win10.NetworkAdapter.BytesReceivedPerSec.Collection.MissionCritical,Rule,Bytes Received Per Sec Collection Mission Critical,,Tolerance,double,1000,,
Microsoft.Windows.Client.Win10.Monitoring,Microsoft.Windows.Client.Win10.NetworkAdapter.BytesReceivedPerSec.Collection.MissionCritical,Rule,Bytes Received Per Sec Collection Mission Critical,,MaximumSampleSeparation,int,4,,
Microsoft.Windows.Client.Win10.Monitoring,Microsoft.Windows.Client.Win10.NetworkAdapter.BytesReceivedPerSec.Collection.MissionCritical,Rule,Bytes Received Per Sec Collection Mission Critical,,Frequency,int,900,,
Microsoft.Windows.Client.Win10.Monitoring,Microsoft.Windows.Client.Win10.OperatingSystem.MemoryPercentCommittedBytesInUse.Collection,Rule,Memory % Committed Bytes in Use,Collects the performance counter Memory\% Committed Bytes in Use,Enabled,bool,false,,
Microsoft.Windows.Client.Win10.Monitoring,Microsoft.Windows.Client.Win10.OperatingSystem.MemoryPercentCommittedBytesInUse.Collection,Rule,Memory % Committed Bytes in Use,Collects the performance counter Memory\% Committed Bytes in Use,Tolerance,double,2,,
Microsoft.Windows.Client.Win10.Monitoring,Microsoft.Windows.Client.Win10.OperatingSystem.MemoryPercentCommittedBytesInUse.Collection,Rule,Memory % Committed Bytes in Use,Collects the performance counter Memory\% Committed Bytes in Use,MaximumSampleSeparation,int,4,,
Microsoft.Windows.Client.Win10.Monitoring,Microsoft.Windows.Client.Win10.OperatingSystem.MemoryPercentCommittedBytesInUse.Collection,Rule,Memory % Committed Bytes in Use,Collects the performance counter Memory\% Committed Bytes in Use,Frequency,int,900,,
Microsoft.Windows.Client.Win10.Monitoring,Microsoft.Windows.Client.Win10.OperatingSystem.MemoryPageReadsPerSec.Collection,Rule,Memory Page Reads per Second,Collects the performance counter Memory\Page Reads/Sec.,Enabled,bool,false,,
Microsoft.Windows.Client.Win10.Monitoring,Microsoft.Windows.Client.Win10.OperatingSystem.MemoryPageReadsPerSec.Collection,Rule,Memory Page Reads per Second,Collects the performance counter Memory\Page Reads/Sec.,Tolerance,double,0,,
Microsoft.Windows.Client.Win10.Monitoring,Microsoft.Windows.Client.Win10.OperatingSystem.MemoryPageReadsPerSec.Collection,Rule,Memory Page Reads per Second,Collects the performance counter Memory\Page Reads/Sec.,MaximumSampleSeparation,int,4,,
Microsoft.Windows.Client.Win10.Monitoring,Microsoft.Windows.Client.Win10.OperatingSystem.MemoryPageReadsPerSec.Collection,Rule,Memory Page Reads per Second,Collects the performance counter Memory\Page Reads/Sec.,Frequency,int,900,,
Microsoft.Windows.Client.Win10.Monitoring,Microsoft.Windows.Client.Win10.LogicalDisk.AvgDiskSecPerWrite.Collection,Rule,Logical Disk Average Disk Second Per Write,Collects the performance counter LogicalDisk\Avg Disk Sec Per Write,Enabled,bool,false,,
Microsoft.Windows.Client.Win10.Monitoring,Microsoft.Windows.Client.Win10.LogicalDisk.AvgDiskSecPerWrite.Collection,Rule,Logical Disk Average Disk Second Per Write,Collects the performance counter LogicalDisk\Avg Disk Sec Per Write,Tolerance,double,0.005,,
Microsoft.Windows.Client.Win10.Monitoring,Microsoft.Windows.Client.Win10.LogicalDisk.AvgDiskSecPerWrite.Collection,Rule,Logical Disk Average Disk Second Per Write,Collects the performance counter LogicalDisk\Avg Disk Sec Per Write,MaximumSampleSeparation,int,4,,
Microsoft.Windows.Client.Win10.Monitoring,Microsoft.Windows.Client.Win10.LogicalDisk.AvgDiskSecPerWrite.Collection,Rule,Logical Disk Average Disk Second Per Write,Collects the performance counter LogicalDisk\Avg Disk Sec Per Write,Frequency,int,900,,
Microsoft.Windows.Client.Win10.Monitoring,Microsoft.Windows.Client.Win10.OperatingSystem.SoftwareUpdateInstallationFailed.Alert,Rule,A Software Update Installation Failed,A failed software update installation was detected.,Enabled,bool,false,,
Microsoft.Windows.Client.Win10.Monitoring,Microsoft.Windows.Client.Win10.OperatingSystem.NTFSFileSystemCorrupt.Alert,Rule,NTFS - File System Corrupt,NT file system indicates a corrupt file system.,Enabled,bool,false,,
Microsoft.Windows.Client.Win10.Monitoring,Microsoft.Windows.Client.Win10.OperatingSystem.SoftwareUpdateInstallationFailed.Alert.MissionCritical,Rule,Software Update Installation Failed Alert MissionCritical,,Enabled,bool,false,,
Microsoft.Windows.Client.Win10.Monitoring,Microsoft.Windows.Client.Win10.OperatingSystem.SoftwareUpdateInstallationFailed.Alert.MissionCritical,Rule,Software Update Installation Failed Alert MissionCritical,,Severity,int,2,,
Microsoft.Windows.Client.Win10.Monitoring,Microsoft.Windows.Client.Win10.OperatingSystem.SoftwareUpdateInstallationFailed.Alert.MissionCritical,Rule,Software Update Installation Failed Alert MissionCritical,,Priority,int,1,,
Microsoft.Windows.Client.Win10.Monitoring,Microsoft.Windows.Client.Win10.OperatingSystem.ServiceOrDriverFailedToStart.Collection,Rule,Service Or Driver Failed To Start Collection,,Enabled,bool,false,,
Microsoft.Windows.Client.Win10.Monitoring,Microsoft.Windows.Client.Win10.OperatingSystem.PerformanceRegistryCorruption.Alert.MissionCritical,Rule,Performance Registry Corruption Alert,,Enabled,bool,false,,
Microsoft.Windows.Client.Win10.Monitoring,Microsoft.Windows.Client.Win10.OperatingSystem.PerformanceRegistryCorruption.Alert.MissionCritical,Rule,Performance Registry Corruption Alert,,Severity,int,1,,
Microsoft.Windows.Client.Win10.Monitoring,Microsoft.Windows.Client.Win10.OperatingSystem.PerformanceRegistryCorruption.Alert.MissionCritical,Rule,Performance Registry Corruption Alert,,Priority,int,1,,
Microsoft.Windows.Client.Win10.Monitoring,Microsoft.Windows.Client.Win10.OperatingSystem.ServiceMisconfigured.Alert,Rule,The Service is Misconfigured,A service has been detected as misconfigured.,Enabled,bool,false,,
Microsoft.Windows.Client.Win10.Monitoring,Microsoft.Windows.Client.Win10.Computer.DiskCorruptionRepairSucceededNoReboot.Rule,Rule,Disk Corruption Repair Succeeded No Reboot Rule,,Enabled,bool,false,,
Microsoft.Windows.Client.Win10.Monitoring,Microsoft.Windows.Client.Win10.OperatingSystem.MemoryPoolPagedBytes.Collection,Rule,Memory Pool Paged Bytes,Collects the performance counter Memory\Pool Paged Bytes,Enabled,bool,false,,
Microsoft.Windows.Client.Win10.Monitoring,Microsoft.Windows.Client.Win10.OperatingSystem.MemoryPoolPagedBytes.Collection,Rule,Memory Pool Paged Bytes,Collects the performance counter Memory\Pool Paged Bytes,Tolerance,double,2000000,,
Microsoft.Windows.Client.Win10.Monitoring,Microsoft.Windows.Client.Win10.OperatingSystem.MemoryPoolPagedBytes.Collection,Rule,Memory Pool Paged Bytes,Collects the performance counter Memory\Pool Paged Bytes,MaximumSampleSeparation,int,4,,
Microsoft.Windows.Client.Win10.Monitoring,Microsoft.Windows.Client.Win10.OperatingSystem.MemoryPoolPagedBytes.Collection,Rule,Memory Pool Paged Bytes,Collects the performance counter Memory\Pool Paged Bytes,Frequency,int,900,,
Microsoft.Windows.Client.Win10.Monitoring,Microsoft.Windows.Client.Win10.LogicalDisk.DiskReadsPerSec.Collection,Rule,Logical Disk Reads Second,Collects the performance counter LogicalDisk\Disk Reads Per Second,Enabled,bool,false,,
Microsoft.Windows.Client.Win10.Monitoring,Microsoft.Windows.Client.Win10.LogicalDisk.DiskReadsPerSec.Collection,Rule,Logical Disk Reads Second,Collects the performance counter LogicalDisk\Disk Reads Per Second,Tolerance,double,10,,
Microsoft.Windows.Client.Win10.Monitoring,Microsoft.Windows.Client.Win10.LogicalDisk.DiskReadsPerSec.Collection,Rule,Logical Disk Reads Second,Collects the performance counter LogicalDisk\Disk Reads Per Second,MaximumSampleSeparation,int,4,,
Microsoft.Windows.Client.Win10.Monitoring,Microsoft.Windows.Client.Win10.LogicalDisk.DiskReadsPerSec.Collection,Rule,Logical Disk Reads Second,Collects the performance counter LogicalDisk\Disk Reads Per Second,Frequency,int,900,,
Microsoft.Windows.Client.Win10.Monitoring,Microsoft.Windows.Client.Win10.OperatingSystem.ShareConfigurationInvalid.Alert.MissionCritical,Rule,Share Configuration Invalid Alert MissionCritical,,Enabled,bool,false,,
Microsoft.Windows.Client.Win10.Monitoring,Microsoft.Windows.Client.Win10.OperatingSystem.ShareConfigurationInvalid.Alert.MissionCritical,Rule,Share Configuration Invalid Alert MissionCritical,,Severity,int,1,,
Microsoft.Windows.Client.Win10.Monitoring,Microsoft.Windows.Client.Win10.OperatingSystem.ShareConfigurationInvalid.Alert.MissionCritical,Rule,Share Configuration Invalid Alert MissionCritical,,Priority,int,1,,
Microsoft.Windows.Client.Win10.Monitoring,Microsoft.Windows.Client.Win10.PhysicalDisk.DiskBytesPerSec.Collection,Rule,Physical Disk Bytes per Second,Collects the performance counter PhysicalDisk\Disk Bytes/sec.,Enabled,bool,false,,
Microsoft.Windows.Client.Win10.Monitoring,Microsoft.Windows.Client.Win10.PhysicalDisk.DiskBytesPerSec.Collection,Rule,Physical Disk Bytes per Second,Collects the performance counter PhysicalDisk\Disk Bytes/sec.,Tolerance,double,100000,,
Microsoft.Windows.Client.Win10.Monitoring,Microsoft.Windows.Client.Win10.PhysicalDisk.DiskBytesPerSec.Collection,Rule,Physical Disk Bytes per Second,Collects the performance counter PhysicalDisk\Disk Bytes/sec.,MaximumSampleSeparation,int,4,,
Microsoft.Windows.Client.Win10.Monitoring,Microsoft.Windows.Client.Win10.PhysicalDisk.DiskBytesPerSec.Collection,Rule,Physical Disk Bytes per Second,Collects the performance counter PhysicalDisk\Disk Bytes/sec.,Frequency,int,900,,
Microsoft.Windows.Client.Win10.Monitoring,Microsoft.Windows.Client.Win10.OperatingSystem.TotalPercentInterruptTime.Collection,Rule,Total Processor % Interrupt Time,Collects the performance counter Processor\% Interrupt Time,Enabled,bool,false,,
Microsoft.Windows.Client.Win10.Monitoring,Microsoft.Windows.Client.Win10.OperatingSystem.TotalPercentInterruptTime.Collection,Rule,Total Processor % Interrupt Time,Collects the performance counter Processor\% Interrupt Time,Tolerance,double,5,,
Microsoft.Windows.Client.Win10.Monitoring,Microsoft.Windows.Client.Win10.OperatingSystem.TotalPercentInterruptTime.Collection,Rule,Total Processor % Interrupt Time,Collects the performance counter Processor\% Interrupt Time,MaximumSampleSeparation,int,4,,
Microsoft.Windows.Client.Win10.Monitoring,Microsoft.Windows.Client.Win10.OperatingSystem.TotalPercentInterruptTime.Collection,Rule,Total Processor % Interrupt Time,Collects the performance counter Processor\% Interrupt Time,Frequency,int,900,,
Microsoft.Windows.Client.Win10.Monitoring,Microsoft.Windows.Client.Win10.PhysicalDisk.CurrentDiskQueueLength.Collection,Rule,Physical Disk Current Disk Queue Length,Collects the performance counter PhysicalDisk\Current Disk Queue Length,Enabled,bool,false,,
Microsoft.Windows.Client.Win10.Monitoring,Microsoft.Windows.Client.Win10.PhysicalDisk.CurrentDiskQueueLength.Collection,Rule,Physical Disk Current Disk Queue Length,Collects the performance counter PhysicalDisk\Current Disk Queue Length,Tolerance,double,1,,
Microsoft.Windows.Client.Win10.Monitoring,Microsoft.Windows.Client.Win10.PhysicalDisk.CurrentDiskQueueLength.Collection,Rule,Physical Disk Current Disk Queue Length,Collects the performance counter PhysicalDisk\Current Disk Queue Length,MaximumSampleSeparation,int,4,,
Microsoft.Windows.Client.Win10.Monitoring,Microsoft.Windows.Client.Win10.PhysicalDisk.CurrentDiskQueueLength.Collection,Rule,Physical Disk Current Disk Queue Length,Collects the performance counter PhysicalDisk\Current Disk Queue Length,Frequency,int,900,,
Microsoft.Windows.Client.Win10.Monitoring,Microsoft.Windows.Client.Win10.PhysicalDisk.AvgDiskSecPerRead.Collection,Rule,Physical Disk Average Disk Seconds per Read,Collects the performance counter PhysicalDisk\Avg. Disk sec/Read,Enabled,bool,false,,
Microsoft.Windows.Client.Win10.Monitoring,Microsoft.Windows.Client.Win10.PhysicalDisk.AvgDiskSecPerRead.Collection,Rule,Physical Disk Average Disk Seconds per Read,Collects the performance counter PhysicalDisk\Avg. Disk sec/Read,Tolerance,double,0.005,,
Microsoft.Windows.Client.Win10.Monitoring,Microsoft.Windows.Client.Win10.PhysicalDisk.AvgDiskSecPerRead.Collection,Rule,Physical Disk Average Disk Seconds per Read,Collects the performance counter PhysicalDisk\Avg. Disk sec/Read,MaximumSampleSeparation,int,4,,
Microsoft.Windows.Client.Win10.Monitoring,Microsoft.Windows.Client.Win10.PhysicalDisk.AvgDiskSecPerRead.Collection,Rule,Physical Disk Average Disk Seconds per Read,Collects the performance counter PhysicalDisk\Avg. Disk sec/Read,Frequency,int,900,,
Microsoft.Windows.Client.Win10.Monitoring,Microsoft.Windows.Client.Win10.NetworkAdapter.BytesSentPerSec.Collection.MissionCritical,Rule,Bytes Sent Per Sec Collection Mission Critical,,Enabled,bool,false,,
Microsoft.Windows.Client.Win10.Monitoring,Microsoft.Windows.Client.Win10.NetworkAdapter.BytesSentPerSec.Collection.MissionCritical,Rule,Bytes Sent Per Sec Collection Mission Critical,,Tolerance,double,1000,,
Microsoft.Windows.Client.Win10.Monitoring,Microsoft.Windows.Client.Win10.NetworkAdapter.BytesSentPerSec.Collection.MissionCritical,Rule,Bytes Sent Per Sec Collection Mission Critical,,MaximumSampleSeparation,int,4,,
Microsoft.Windows.Client.Win10.Monitoring,Microsoft.Windows.Client.Win10.NetworkAdapter.BytesSentPerSec.Collection.MissionCritical,Rule,Bytes Sent Per Sec Collection Mission Critical,,Frequency,int,900,,
Microsoft.Windows.Client.Win10.Monitoring,Microsoft.Windows.Client.Win10.PhysicalDisk.AvgDiskQueueLength.Collection,Rule,Physical Disk Average Disk Queue Length,Collects the performance counter PhysicalDisk\Avg. Disk Queue Length,Enabled,bool,false,,
Microsoft.Windows.Client.Win10.Monitoring,Microsoft.Windows.Client.Win10.PhysicalDisk.AvgDiskQueueLength.Collection,Rule,Physical Disk Average Disk Queue Length,Collects the performance counter PhysicalDisk\Avg. Disk Queue Length,Tolerance,double,1,,
Microsoft.Windows.Client.Win10.Monitoring,Microsoft.Windows.Client.Win10.PhysicalDisk.AvgDiskQueueLength.Collection,Rule,Physical Disk Average Disk Queue Length,Collects the performance counter PhysicalDisk\Avg. Disk Queue Length,MaximumSampleSeparation,int,4,,
Microsoft.Windows.Client.Win10.Monitoring,Microsoft.Windows.Client.Win10.PhysicalDisk.AvgDiskQueueLength.Collection,Rule,Physical Disk Average Disk Queue Length,Collects the performance counter PhysicalDisk\Avg. Disk Queue Length,Frequency,int,9000,,
Microsoft.Windows.Client.Win10.Monitoring,Microsoft.Windows.Client.Win10.OperatingSystem.IPAddressConflict.Alert.MissionCritical,Rule,IP Address Conflict Alert Mission Critical,,Enabled,bool,false,,
Microsoft.Windows.Client.Win10.Monitoring,Microsoft.Windows.Client.Win10.OperatingSystem.IPAddressConflict.Alert.MissionCritical,Rule,IP Address Conflict Alert Mission Critical,,Severity,int,2,,
Microsoft.Windows.Client.Win10.Monitoring,Microsoft.Windows.Client.Win10.OperatingSystem.IPAddressConflict.Alert.MissionCritical,Rule,IP Address Conflict Alert Mission Critical,,Priority,int,1,,
Microsoft.Windows.Client.Win10.Monitoring,Microsoft.Windows.Client.Win10.LogicalDisk.CurrentDiskQueueLength.Collection,Rule,Logical Disk Current Disk Queue Length,Collects the performance counter LogicalDisk\Current Disk Queue Length,Enabled,bool,false,,
Microsoft.Windows.Client.Win10.Monitoring,Microsoft.Windows.Client.Win10.LogicalDisk.CurrentDiskQueueLength.Collection,Rule,Logical Disk Current Disk Queue Length,Collects the performance counter LogicalDisk\Current Disk Queue Length,Tolerance,double,1,,
Microsoft.Windows.Client.Win10.Monitoring,Microsoft.Windows.Client.Win10.LogicalDisk.CurrentDiskQueueLength.Collection,Rule,Logical Disk Current Disk Queue Length,Collects the performance counter LogicalDisk\Current Disk Queue Length,MaximumSampleSeparation,int,4,,
Microsoft.Windows.Client.Win10.Monitoring,Microsoft.Windows.Client.Win10.LogicalDisk.CurrentDiskQueueLength.Collection,Rule,Logical Disk Current Disk Queue Length,Collects the performance counter LogicalDisk\Current Disk Queue Length,Frequency,int,900,,
Microsoft.Windows.Client.Win10.Monitoring,Microsoft.Windows.Client.Win10.NetworkAdapter.BytesTotalPerSec.Collection.MissionCritical,Rule,Bytes Total Per Sec Collection MissionCritical,,Enabled,bool,false,,
Microsoft.Windows.Client.Win10.Monitoring,Microsoft.Windows.Client.Win10.NetworkAdapter.BytesTotalPerSec.Collection.MissionCritical,Rule,Bytes Total Per Sec Collection MissionCritical,,Tolerance,double,1000,,
Microsoft.Windows.Client.Win10.Monitoring,Microsoft.Windows.Client.Win10.NetworkAdapter.BytesTotalPerSec.Collection.MissionCritical,Rule,Bytes Total Per Sec Collection MissionCritical,,MaximumSampleSeparation,int,4,,
Microsoft.Windows.Client.Win10.Monitoring,Microsoft.Windows.Client.Win10.NetworkAdapter.BytesTotalPerSec.Collection.MissionCritical,Rule,Bytes Total Per Sec Collection MissionCritical,,Frequency,int,900,,
Microsoft.Windows.Client.Win10.Monitoring,Microsoft.Windows.Client.Win10.LogicalDisk.FreeSpace.Collection,Rule,% Logical Disk Free Space,The percentage of total usable space on the logical disk that is unallocated,Enabled,bool,false,,
Microsoft.Windows.Client.Win10.Monitoring,Microsoft.Windows.Client.Win10.LogicalDisk.FreeSpace.Collection,Rule,% Logical Disk Free Space,The percentage of total usable space on the logical disk that is unallocated,Tolerance,double,1,,
Microsoft.Windows.Client.Win10.Monitoring,Microsoft.Windows.Client.Win10.LogicalDisk.FreeSpace.Collection,Rule,% Logical Disk Free Space,The percentage of total usable space on the logical disk that is unallocated,MaximumSampleSeparation,int,4,,
Microsoft.Windows.Client.Win10.Monitoring,Microsoft.Windows.Client.Win10.LogicalDisk.FreeSpace.Collection,Rule,% Logical Disk Free Space,The percentage of total usable space on the logical disk that is unallocated,Frequency,int,900,,
Microsoft.Windows.Client.Win10.Monitoring,Microsoft.Windows.Client.Win10.OperatingSystem.PageFilePercentUsage.Collection,Rule,Page File Percentage Use,Collection rule for the performance counter Paging File\% Usage,Enabled,bool,false,,
Microsoft.Windows.Client.Win10.Monitoring,Microsoft.Windows.Client.Win10.OperatingSystem.PageFilePercentUsage.Collection,Rule,Page File Percentage Use,Collection rule for the performance counter Paging File\% Usage,Tolerance,double,5,,
Microsoft.Windows.Client.Win10.Monitoring,Microsoft.Windows.Client.Win10.OperatingSystem.PageFilePercentUsage.Collection,Rule,Page File Percentage Use,Collection rule for the performance counter Paging File\% Usage,MaximumSampleSeparation,int,4,,
Microsoft.Windows.Client.Win10.Monitoring,Microsoft.Windows.Client.Win10.OperatingSystem.PageFilePercentUsage.Collection,Rule,Page File Percentage Use,Collection rule for the performance counter Paging File\% Usage,Frequency,int,900,,
Microsoft.Windows.Client.Win10.Monitoring,Microsoft.Windows.Client.Win10.OperatingSystem.NTFSDelayedWriteLost.Alert,Rule,NTFS - Delayed Write Lost,NT file system reports a delayed write was lost.,Enabled,bool,false,,
Microsoft.Windows.Client.Win10.Monitoring,Microsoft.Windows.Client.Win10.OperatingSystem.LDMCantReadDisk.Alert.MissionCritical,Rule,LDM Cannot Read Disk Alert Mission Critical,,Enabled,bool,false,,
Microsoft.Windows.Client.Win10.Monitoring,Microsoft.Windows.Client.Win10.OperatingSystem.LDMCantReadDisk.Alert.MissionCritical,Rule,LDM Cannot Read Disk Alert Mission Critical,,Severity,int,1,,
Microsoft.Windows.Client.Win10.Monitoring,Microsoft.Windows.Client.Win10.OperatingSystem.LDMCantReadDisk.Alert.MissionCritical,Rule,LDM Cannot Read Disk Alert Mission Critical,,Priority,int,1,,
Microsoft.Windows.Client.Win10.Monitoring,Microsoft.Windows.Client.Win10.Processor.PercentDPCTime.Collection,Rule,Processor % DPC Time,Collects the performance counter Processor\% DPC Time,Enabled,bool,false,,
Microsoft.Windows.Client.Win10.Monitoring,Microsoft.Windows.Client.Win10.Processor.PercentDPCTime.Collection,Rule,Processor % DPC Time,Collects the performance counter Processor\% DPC Time,Tolerance,double,2,,
Microsoft.Windows.Client.Win10.Monitoring,Microsoft.Windows.Client.Win10.Processor.PercentDPCTime.Collection,Rule,Processor % DPC Time,Collects the performance counter Processor\% DPC Time,MaximumSampleSeparation,int,4,,
Microsoft.Windows.Client.Win10.Monitoring,Microsoft.Windows.Client.Win10.Processor.PercentDPCTime.Collection,Rule,Processor % DPC Time,Collects the performance counter Processor\% DPC Time,Frequency,int,900,,
Microsoft.Windows.Client.Win10.Monitoring,Microsoft.Windows.Client.Win10.OperatingSystem.ServiceMisconfigured.Alert.MissionCritical,Rule,Service Misconfigured Alert,,Enabled,bool,false,,
Microsoft.Windows.Client.Win10.Monitoring,Microsoft.Windows.Client.Win10.OperatingSystem.ServiceMisconfigured.Alert.MissionCritical,Rule,Service Misconfigured Alert,,Severity,int,2,,
Microsoft.Windows.Client.Win10.Monitoring,Microsoft.Windows.Client.Win10.OperatingSystem.ServiceMisconfigured.Alert.MissionCritical,Rule,Service Misconfigured Alert,,Priority,int,1,,
Microsoft.Windows.Client.Win10.Monitoring,Microsoft.Windows.Client.Win10.LogicalDisk.FreeMB.Collection,Rule,Logical Disk Free Megabytes,The space in megabytes on the logical disk that is unallocated,Enabled,bool,false,,
Microsoft.Windows.Client.Win10.Monitoring,Microsoft.Windows.Client.Win10.LogicalDisk.FreeMB.Collection,Rule,Logical Disk Free Megabytes,The space in megabytes on the logical disk that is unallocated,Tolerance,double,100,,
Microsoft.Windows.Client.Win10.Monitoring,Microsoft.Windows.Client.Win10.LogicalDisk.FreeMB.Collection,Rule,Logical Disk Free Megabytes,The space in megabytes on the logical disk that is unallocated,MaximumSampleSeparation,int,4,,
Microsoft.Windows.Client.Win10.Monitoring,Microsoft.Windows.Client.Win10.LogicalDisk.FreeMB.Collection,Rule,Logical Disk Free Megabytes,The space in megabytes on the logical disk that is unallocated,Frequency,int,900,,
Microsoft.Windows.Client.Win10.Monitoring,Microsoft.Windows.Client.Win10.Computer.MemoryFailureFailureDetected.Rule,Rule,Memory Failure Detected Rule,,Enabled,bool,false,,
Microsoft.Windows.Client.Win10.Monitoring,Microsoft.Windows.Client.Win10.OperatingSystem.LDMCantReadDisk.Alert,Rule,LDM - Can't Read Disk,Logical Disk Manager reports that the disk cannot be read.,Enabled,bool,false,,
Microsoft.Windows.Client.Win10.Monitoring,Microsoft.Windows.Client.Win10.Computer.MemoryFailureTestFailed.Rule,Rule,Memory Failure Test Failed Rule,,Enabled,bool,false,,
Microsoft.Windows.Client.Win10.Monitoring,Microsoft.Windows.Client.Win10.Computer.DiskCorruptionFileSkipped.Rule,Rule,Disk Corruption File Skipped Rule,,Enabled,bool,false,,
Microsoft.Windows.Client.Win10.Monitoring,Microsoft.Windows.Client.Win10.OperatingSystem.NTFSQuotaThresholdLimitReached.Collection.MissionCritical,Rule,NTFS Quota Threshold Limit Reached Collection,,Enabled,bool,false,,
Microsoft.Windows.Client.Win10.Monitoring,Microsoft.Windows.Client.Win10.Processor.PercentProcessorTime.Collection,Rule,Processor % Processor Time,Collects the performance counter Processor\% Processor Time,Enabled,bool,false,,
Microsoft.Windows.Client.Win10.Monitoring,Microsoft.Windows.Client.Win10.Processor.PercentProcessorTime.Collection,Rule,Processor % Processor Time,Collects the performance counter Processor\% Processor Time,Tolerance,double,5,,
Microsoft.Windows.Client.Win10.Monitoring,Microsoft.Windows.Client.Win10.Processor.PercentProcessorTime.Collection,Rule,Processor % Processor Time,Collects the performance counter Processor\% Processor Time,MaximumSampleSeparation,int,4,,
Microsoft.Windows.Client.Win10.Monitoring,Microsoft.Windows.Client.Win10.Processor.PercentProcessorTime.Collection,Rule,Processor % Processor Time,Collects the performance counter Processor\% Processor Time,Frequency,int,900,,
Microsoft.Windows.Client.Win10.Monitoring,Microsoft.Windows.Client.Win10.OperatingSystem.SystemProcessorQueueLength.Collection,Rule,System Processor Queue Length,Collection rule for the performance counter System\Processor Queue Length.,Enabled,bool,false,,
Microsoft.Windows.Client.Win10.Monitoring,Microsoft.Windows.Client.Win10.OperatingSystem.SystemProcessorQueueLength.Collection,Rule,System Processor Queue Length,Collection rule for the performance counter System\Processor Queue Length.,Tolerance,double,2,,
Microsoft.Windows.Client.Win10.Monitoring,Microsoft.Windows.Client.Win10.OperatingSystem.SystemProcessorQueueLength.Collection,Rule,System Processor Queue Length,Collection rule for the performance counter System\Processor Queue Length.,MaximumSampleSeparation,int,4,,
Microsoft.Windows.Client.Win10.Monitoring,Microsoft.Windows.Client.Win10.OperatingSystem.SystemProcessorQueueLength.Collection,Rule,System Processor Queue Length,Collection rule for the performance counter System\Processor Queue Length.,Frequency,int,900,,
Microsoft.Windows.Client.Win10.Monitoring,Microsoft.Windows.Client.Win10.PhysicalDisk.DiskWritesPerSec.Collection,Rule,Physical Disk Writes per Second,Collects the performance counter PhysicalDisk\Disk Writes/sec.,Enabled,bool,false,,
Microsoft.Windows.Client.Win10.Monitoring,Microsoft.Windows.Client.Win10.PhysicalDisk.DiskWritesPerSec.Collection,Rule,Physical Disk Writes per Second,Collects the performance counter PhysicalDisk\Disk Writes/sec.,Tolerance,double,10,,
Microsoft.Windows.Client.Win10.Monitoring,Microsoft.Windows.Client.Win10.PhysicalDisk.DiskWritesPerSec.Collection,Rule,Physical Disk Writes per Second,Collects the performance counter PhysicalDisk\Disk Writes/sec.,MaximumSampleSeparation,int,4,,
Microsoft.Windows.Client.Win10.Monitoring,Microsoft.Windows.Client.Win10.PhysicalDisk.DiskWritesPerSec.Collection,Rule,Physical Disk Writes per Second,Collects the performance counter PhysicalDisk\Disk Writes/sec.,Frequency,int,900,,
Microsoft.Windows.Client.Win10.Monitoring,Microsoft.Windows.Client.Win10.OperatingSystem.NTFSQuotaThresholdReached.Collection.MissionCritical,Rule,NTFS Quota Threshold Reached Collection,,Enabled,bool,false,,
Microsoft.Windows.Client.Win10.Monitoring,Microsoft.Windows.Client.Win10.PhysicalDisk.AvgDiskSecPerWrite.Collection,Rule,Physical Disk Average Disk Seconds per Write,Collects the performance counter PhysicalDisk\Avg. Disk sec/Write.,Enabled,bool,false,,
Microsoft.Windows.Client.Win10.Monitoring,Microsoft.Windows.Client.Win10.PhysicalDisk.AvgDiskSecPerWrite.Collection,Rule,Physical Disk Average Disk Seconds per Write,Collects the performance counter PhysicalDisk\Avg. Disk sec/Write.,Tolerance,double,0.005,,
Microsoft.Windows.Client.Win10.Monitoring,Microsoft.Windows.Client.Win10.PhysicalDisk.AvgDiskSecPerWrite.Collection,Rule,Physical Disk Average Disk Seconds per Write,Collects the performance counter PhysicalDisk\Avg. Disk sec/Write.,MaximumSampleSeparation,int,4,,
Microsoft.Windows.Client.Win10.Monitoring,Microsoft.Windows.Client.Win10.PhysicalDisk.AvgDiskSecPerWrite.Collection,Rule,Physical Disk Average Disk Seconds per Write,Collects the performance counter PhysicalDisk\Avg. Disk sec/Write.,Frequency,int,900,,
Microsoft.Windows.Client.Win10.Monitoring,Microsoft.Windows.Client.Win10.Computer.DiskCorruptionRepairFailed.Rule,Rule,Disk Corruption Repair Failed Rule,,Enabled,bool,false,,
Microsoft.Windows.Client.Win10.Monitoring,Microsoft.Windows.Client.Win10.OperatingSystem.ServiceTerminatedUnexpextedly.Alert.MissionCritical,Rule,Service Terminated Unexpectedly Alert Mission Critical,,Enabled,bool,false,,
Microsoft.Windows.Client.Win10.Monitoring,Microsoft.Windows.Client.Win10.OperatingSystem.ServiceTerminatedUnexpextedly.Alert.MissionCritical,Rule,Service Terminated Unexpectedly Alert Mission Critical,,Severity,int,1,,
Microsoft.Windows.Client.Win10.Monitoring,Microsoft.Windows.Client.Win10.OperatingSystem.ServiceTerminatedUnexpextedly.Alert.MissionCritical,Rule,Service Terminated Unexpectedly Alert Mission Critical,,Priority,int,1,,
Microsoft.Windows.Client.Win10.Monitoring,Microsoft.Windows.Client.Win10.LogicalDisk.DiskBytesPerSec.Collection,Rule,Logical Disk Bytes Per Second,Collects the performance counter LogicalDisk\Disk Bytes Per Second,Enabled,bool,false,,
Microsoft.Windows.Client.Win10.Monitoring,Microsoft.Windows.Client.Win10.LogicalDisk.DiskBytesPerSec.Collection,Rule,Logical Disk Bytes Per Second,Collects the performance counter LogicalDisk\Disk Bytes Per Second,Tolerance,double,100000,,
Microsoft.Windows.Client.Win10.Monitoring,Microsoft.Windows.Client.Win10.LogicalDisk.DiskBytesPerSec.Collection,Rule,Logical Disk Bytes Per Second,Collects the performance counter LogicalDisk\Disk Bytes Per Second,MaximumSampleSeparation,int,4,,
Microsoft.Windows.Client.Win10.Monitoring,Microsoft.Windows.Client.Win10.LogicalDisk.DiskBytesPerSec.Collection,Rule,Logical Disk Bytes Per Second,Collects the performance counter LogicalDisk\Disk Bytes Per Second,Frequency,int,900,,
Microsoft.Windows.Client.Win10.Monitoring,Microsoft.Windows.Client.Win10.OperatingSystem.ServiceEnteredUnpredictableState.Alert,Rule,The Service has Entered into an Unpredictable State,A service has entered an unpredictable state.,Enabled,bool,false,,
Microsoft.Windows.Client.Win10.Monitoring,Microsoft.Windows.Client.Win10.Computer.MemoryExhaustion.Rule,Rule,Memory Exhaustion Rule,,Enabled,bool,false,,
Microsoft.Windows.Client.Win10.Monitoring,Microsoft.Windows.Client.Win10.OperatingSystem.ServiceTerminatedUnexpextedly.Alert,Rule,The Service Terminated Unexpectedly,An event was collected indicating an unexpected service termination.,Enabled,bool,false,,
Microsoft.Windows.Client.Win10.Monitoring,Microsoft.Windows.Client.Win10.OperatingSystem.IPAddressConflict.Alert,Rule,A Duplicate IP Address has been Detected on the Network,A duplicate IP address has been detected on the network.,Enabled,bool,false,,
Microsoft.Windows.Client.Win10.Monitoring,Microsoft.Windows.Client.Win10.OperatingSystem.PerfCounterDataRequestTimeOut.Alert.MissionCritical,Rule,Performance Counter Data Request TimeOut Alert,,Enabled,bool,false,,
Microsoft.Windows.Client.Win10.Monitoring,Microsoft.Windows.Client.Win10.OperatingSystem.PerfCounterDataRequestTimeOut.Alert.MissionCritical,Rule,Performance Counter Data Request TimeOut Alert,,Severity,int,2,,
Microsoft.Windows.Client.Win10.Monitoring,Microsoft.Windows.Client.Win10.OperatingSystem.PerfCounterDataRequestTimeOut.Alert.MissionCritical,Rule,Performance Counter Data Request TimeOut Alert,,Priority,int,1,,
Microsoft.Windows.Client.Win10.Monitoring,Microsoft.Windows.Client.Win10.OperatingSystem.ServiceOrDriverFailedToStart.Alert,Rule,The Service or Driver Failed to Start,An event was detected indicating a service or driver failed to start.,Enabled,bool,false,,
Microsoft.Windows.Client.Win10.Monitoring,Microsoft.Windows.Client.Win10.OperatingSystem.NTFSDelayedWriteLost.Alert.MissionCritical,Rule,NTFS Delayed Write Lost Alert Mission Critical,,Enabled,bool,false,,
Microsoft.Windows.Client.Win10.Monitoring,Microsoft.Windows.Client.Win10.OperatingSystem.NTFSDelayedWriteLost.Alert.MissionCritical,Rule,NTFS Delayed Write Lost Alert Mission Critical,,Severity,int,1,,
Microsoft.Windows.Client.Win10.Monitoring,Microsoft.Windows.Client.Win10.OperatingSystem.NTFSDelayedWriteLost.Alert.MissionCritical,Rule,NTFS Delayed Write Lost Alert Mission Critical,,Priority,int,1,,
Microsoft.Windows.Client.Win10.Monitoring,Microsoft.Windows.Client.Win10.Computer.DiskCorruptionRepairSucceededNeedReboot.Rule,Rule,Disk Corruption Repair Succeeded Need Reboot Rule,,Enabled,bool,false,,
Microsoft.Windows.Client.Win10.Monitoring,Microsoft.Windows.Client.Win10.OperatingSystem.DirtyShutdown.Collection,Rule,Collection Rule for Windows Dirty Shutdown Events,This rule collects events indicating a dirty Windows shutdown.,Enabled,bool,false,,
Microsoft.Windows.Client.Win10.Monitoring,Microsoft.Windows.Client.Win10.LogicalDisk.AvgDiskSecPerRead.Collection,Rule,Logical Disk Average Disk Second Per Read,Collects the performance counter LogicalDisk\Avg Disk Sec Per Read,Enabled,bool,false,,
Microsoft.Windows.Client.Win10.Monitoring,Microsoft.Windows.Client.Win10.LogicalDisk.AvgDiskSecPerRead.Collection,Rule,Logical Disk Average Disk Second Per Read,Collects the performance counter LogicalDisk\Avg Disk Sec Per Read,Tolerance,double,0.005,,
Microsoft.Windows.Client.Win10.Monitoring,Microsoft.Windows.Client.Win10.LogicalDisk.AvgDiskSecPerRead.Collection,Rule,Logical Disk Average Disk Second Per Read,Collects the performance counter LogicalDisk\Avg Disk Sec Per Read,MaximumSampleSeparation,int,4,,
Microsoft.Windows.Client.Win10.Monitoring,Microsoft.Windows.Client.Win10.LogicalDisk.AvgDiskSecPerRead.Collection,Rule,Logical Disk Average Disk Second Per Read,Collects the performance counter LogicalDisk\Avg Disk Sec Per Read,Frequency,int,900,,
Microsoft.Windows.Client.Win10.Monitoring,Microsoft.Windows.Client.Win10.LogicalDisk.DiskWritesPerSec.Collection,Rule,Logical Disk Writes Per Second,Collects the performance counter LogicalDisk\Disk Writes Per Second,Enabled,bool,false,,
Microsoft.Windows.Client.Win10.Monitoring,Microsoft.Windows.Client.Win10.LogicalDisk.DiskWritesPerSec.Collection,Rule,Logical Disk Writes Per Second,Collects the performance counter LogicalDisk\Disk Writes Per Second,Tolerance,double,10,,
Microsoft.Windows.Client.Win10.Monitoring,Microsoft.Windows.Client.Win10.LogicalDisk.DiskWritesPerSec.Collection,Rule,Logical Disk Writes Per Second,Collects the performance counter LogicalDisk\Disk Writes Per Second,MaximumSampleSeparation,int,4,,
Microsoft.Windows.Client.Win10.Monitoring,Microsoft.Windows.Client.Win10.LogicalDisk.DiskWritesPerSec.Collection,Rule,Logical Disk Writes Per Second,Collects the performance counter LogicalDisk\Disk Writes Per Second,Frequency,int,900,,
Microsoft.Windows.Client.Win10.Monitoring,Microsoft.Windows.Client.Win10.OperatingSystem.TotalPercentProcessorTime.Collection,Rule,Processor % Processor Time Total,Collects the performance counter Processor\% Processor Time,Enabled,bool,false,,
Microsoft.Windows.Client.Win10.Monitoring,Microsoft.Windows.Client.Win10.OperatingSystem.TotalPercentProcessorTime.Collection,Rule,Processor % Processor Time Total,Collects the performance counter Processor\% Processor Time,Tolerance,double,2,,
Microsoft.Windows.Client.Win10.Monitoring,Microsoft.Windows.Client.Win10.OperatingSystem.TotalPercentProcessorTime.Collection,Rule,Processor % Processor Time Total,Collects the performance counter Processor\% Processor Time,MaximumSampleSeparation,int,4,,
Microsoft.Windows.Client.Win10.Monitoring,Microsoft.Windows.Client.Win10.OperatingSystem.TotalPercentProcessorTime.Collection,Rule,Processor % Processor Time Total,Collects the performance counter Processor\% Processor Time,Frequency,int,900,,
Microsoft.Windows.Client.Win10.Monitoring,Microsoft.Windows.Client.Win10.OperatingSystem.MemoryAvailableMBytes.Collection,Rule,Memory Available Megabytes,Collects the performance counter Memory\Available MBytes,Enabled,bool,false,,
Microsoft.Windows.Client.Win10.Monitoring,Microsoft.Windows.Client.Win10.OperatingSystem.MemoryAvailableMBytes.Collection,Rule,Memory Available Megabytes,Collects the performance counter Memory\Available MBytes,Tolerance,double,10,,
Microsoft.Windows.Client.Win10.Monitoring,Microsoft.Windows.Client.Win10.OperatingSystem.MemoryAvailableMBytes.Collection,Rule,Memory Available Megabytes,Collects the performance counter Memory\Available MBytes,MaximumSampleSeparation,int,4,,
Microsoft.Windows.Client.Win10.Monitoring,Microsoft.Windows.Client.Win10.OperatingSystem.MemoryAvailableMBytes.Collection,Rule,Memory Available Megabytes,Collects the performance counter Memory\Available MBytes,Frequency,int,900,,
Microsoft.Windows.Client.Win10.Monitoring,Microsoft.Windows.Client.Win10.LogicalDisk.AvgDiskSecPerTransfer.Collection,Rule,Logical Disk Average Disk Second Per Transfer,Collects the performance counter LogicalDisk\Avg Disk Sec Per Transfer,Enabled,bool,false,,
Microsoft.Windows.Client.Win10.Monitoring,Microsoft.Windows.Client.Win10.LogicalDisk.AvgDiskSecPerTransfer.Collection,Rule,Logical Disk Average Disk Second Per Transfer,Collects the performance counter LogicalDisk\Avg Disk Sec Per Transfer,Tolerance,double,0.005,,
Microsoft.Windows.Client.Win10.Monitoring,Microsoft.Windows.Client.Win10.LogicalDisk.AvgDiskSecPerTransfer.Collection,Rule,Logical Disk Average Disk Second Per Transfer,Collects the performance counter LogicalDisk\Avg Disk Sec Per Transfer,MaximumSampleSeparation,int,4,,
Microsoft.Windows.Client.Win10.Monitoring,Microsoft.Windows.Client.Win10.LogicalDisk.AvgDiskSecPerTransfer.Collection,Rule,Logical Disk Average Disk Second Per Transfer,Collects the performance counter LogicalDisk\Avg Disk Sec Per Transfer,Frequency,int,900,,
Microsoft.Windows.Client.Win10.Monitoring,Microsoft.Windows.Client.Win10.OperatingSystem.EventLogFull.Alert.MissionCritical,Rule,Event Log Full Alert Mission Critical,,Enabled,bool,false,,
Microsoft.Windows.Client.Win10.Monitoring,Microsoft.Windows.Client.Win10.OperatingSystem.EventLogFull.Alert.MissionCritical,Rule,Event Log Full Alert Mission Critical,,Severity,int,1,,
Microsoft.Windows.Client.Win10.Monitoring,Microsoft.Windows.Client.Win10.OperatingSystem.EventLogFull.Alert.MissionCritical,Rule,Event Log Full Alert Mission Critical,,Priority,int,1,,
Microsoft.Windows.Client.Win10.Monitoring,Microsoft.Windows.Client.Win10.OperatingSystem.MemoryPageWritesPerSec.Collection,Rule,Memory Page Writes per Second,Collects the performance counter Memory\Page Writes/Sec.,Enabled,bool,false,,
Microsoft.Windows.Client.Win10.Monitoring,Microsoft.Windows.Client.Win10.OperatingSystem.MemoryPageWritesPerSec.Collection,Rule,Memory Page Writes per Second,Collects the performance counter Memory\Page Writes/Sec.,Tolerance,double,0,,
Microsoft.Windows.Client.Win10.Monitoring,Microsoft.Windows.Client.Win10.OperatingSystem.MemoryPageWritesPerSec.Collection,Rule,Memory Page Writes per Second,Collects the performance counter Memory\Page Writes/Sec.,MaximumSampleSeparation,int,4,,
Microsoft.Windows.Client.Win10.Monitoring,Microsoft.Windows.Client.Win10.OperatingSystem.MemoryPageWritesPerSec.Collection,Rule,Memory Page Writes per Second,Collects the performance counter Memory\Page Writes/Sec.,Frequency,int,900,,
Microsoft.Windows.Client.Win10.Monitoring,Microsoft.Windows.Client.Win10.OperatingSystem.SystemContextSwitchesPerSec.Collection,Rule,System Context Switches per Second,Collection rule for the performance counter System\Context Switches/sec,Enabled,bool,false,,
Microsoft.Windows.Client.Win10.Monitoring,Microsoft.Windows.Client.Win10.OperatingSystem.SystemContextSwitchesPerSec.Collection,Rule,System Context Switches per Second,Collection rule for the performance counter System\Context Switches/sec,Tolerance,double,50,,
Microsoft.Windows.Client.Win10.Monitoring,Microsoft.Windows.Client.Win10.OperatingSystem.SystemContextSwitchesPerSec.Collection,Rule,System Context Switches per Second,Collection rule for the performance counter System\Context Switches/sec,MaximumSampleSeparation,int,4,,
Microsoft.Windows.Client.Win10.Monitoring,Microsoft.Windows.Client.Win10.OperatingSystem.SystemContextSwitchesPerSec.Collection,Rule,System Context Switches per Second,Collection rule for the performance counter System\Context Switches/sec,Frequency,int,900,,
Microsoft.Windows.Client.Win10.Monitoring,Microsoft.Windows.Client.Win10.OperatingSystem.NTFSFileSystemCorrupt.Alert.MissionCritical,Rule,NTFS File System Corrupt Alert Mission Critical,,Enabled,bool,false,,
Microsoft.Windows.Client.Win10.Monitoring,Microsoft.Windows.Client.Win10.OperatingSystem.NTFSFileSystemCorrupt.Alert.MissionCritical,Rule,NTFS File System Corrupt Alert Mission Critical,,Severity,int,1,,
Microsoft.Windows.Client.Win10.Monitoring,Microsoft.Windows.Client.Win10.OperatingSystem.NTFSFileSystemCorrupt.Alert.MissionCritical,Rule,NTFS File System Corrupt Alert Mission Critical,,Priority,int,1,,
Microsoft.Windows.Client.Win10.Monitoring,Microsoft.Windows.Client.Win10.OperatingSystem.SoftwareUpdateInstallationFailed.Collection,Rule,Software Update Installation Failed Collection,,Enabled,bool,false,,
Microsoft.Windows.Client.Win10.Monitoring,Microsoft.Windows.Client.Win10.LogicalDisk.AvgDiskQueueLength.Collection,Rule,Logical Disk Average Disk Queue Length,Collects the performance counter LogicalDisk\Avg Disk Queue Length,Enabled,bool,false,,
Microsoft.Windows.Client.Win10.Monitoring,Microsoft.Windows.Client.Win10.LogicalDisk.AvgDiskQueueLength.Collection,Rule,Logical Disk Average Disk Queue Length,Collects the performance counter LogicalDisk\Avg Disk Queue Length,Tolerance,double,1,,
Microsoft.Windows.Client.Win10.Monitoring,Microsoft.Windows.Client.Win10.LogicalDisk.AvgDiskQueueLength.Collection,Rule,Logical Disk Average Disk Queue Length,Collects the performance counter LogicalDisk\Avg Disk Queue Length,MaximumSampleSeparation,int,4,,
Microsoft.Windows.Client.Win10.Monitoring,Microsoft.Windows.Client.Win10.LogicalDisk.AvgDiskQueueLength.Collection,Rule,Logical Disk Average Disk Queue Length,Collects the performance counter LogicalDisk\Avg Disk Queue Length,Frequency,int,900,,
Microsoft.Windows.Client.Win10.Monitoring,Microsoft.Windows.Client.Win10.OperatingSystem.MemoryPoolNonPagedBytes.Collection,Rule,Memory Pool Non-paged Bytes,Collects the performance counter Memory\Pool Nonpaged Bytes,Enabled,bool,false,,
Microsoft.Windows.Client.Win10.Monitoring,Microsoft.Windows.Client.Win10.OperatingSystem.MemoryPoolNonPagedBytes.Collection,Rule,Memory Pool Non-paged Bytes,Collects the performance counter Memory\Pool Nonpaged Bytes,Tolerance,double,2000000,,
Microsoft.Windows.Client.Win10.Monitoring,Microsoft.Windows.Client.Win10.OperatingSystem.MemoryPoolNonPagedBytes.Collection,Rule,Memory Pool Non-paged Bytes,Collects the performance counter Memory\Pool Nonpaged Bytes,MaximumSampleSeparation,int,4,,
Microsoft.Windows.Client.Win10.Monitoring,Microsoft.Windows.Client.Win10.OperatingSystem.MemoryPoolNonPagedBytes.Collection,Rule,Memory Pool Non-paged Bytes,Collects the performance counter Memory\Pool Nonpaged Bytes,Frequency,int,900,,
Microsoft.Windows.Client.Win10.Monitoring,Microsoft.Windows.Client.Win10.OperatingSystem.PerformanceRegistryCorruption.Alert,Rule,Performance registry corruption,Corruption was detected in the registry related to performance counters.,Enabled,bool,false,,
Microsoft.Windows.Client.Win10.Monitoring,Microsoft.Windows.Client.Win10.Computer.DiskFailure.Rule,Rule,Disk Failure Rule,,Enabled,bool,false,,
Microsoft.Windows.Client.Win10.Monitoring,Microsoft.Windows.Client.Win10.OperatingSystem.TotalPercentDPCTime.Collection,Rule,Total Processor % DPC Time,Collects the performance counter Processor\% DPC Time,Enabled,bool,false,,
Microsoft.Windows.Client.Win10.Monitoring,Microsoft.Windows.Client.Win10.OperatingSystem.TotalPercentDPCTime.Collection,Rule,Total Processor % DPC Time,Collects the performance counter Processor\% DPC Time,Tolerance,double,2,,
Microsoft.Windows.Client.Win10.Monitoring,Microsoft.Windows.Client.Win10.OperatingSystem.TotalPercentDPCTime.Collection,Rule,Total Processor % DPC Time,Collects the performance counter Processor\% DPC Time,MaximumSampleSeparation,int,4,,
Microsoft.Windows.Client.Win10.Monitoring,Microsoft.Windows.Client.Win10.OperatingSystem.TotalPercentDPCTime.Collection,Rule,Total Processor % DPC Time,Collects the performance counter Processor\% DPC Time,Frequency,int,900,,
Microsoft.Windows.Client.Win10.Monitoring,Microsoft.Windows.Client.Win10.Computer.DiskCorruptionFailed.Rule,Rule,Disk Corruption Failed Rule,,Enabled,bool,false,,
Microsoft.Windows.Client.Win10.Monitoring,Microsoft.Windows.Client.Win10.OperatingSystem.ServiceEnteredUnpredictableState.Alert.MissionCritical,Rule,Service Entered Unpredictable State Alert,,Enabled,bool,false,,
Microsoft.Windows.Client.Win10.Monitoring,Microsoft.Windows.Client.Win10.OperatingSystem.ServiceEnteredUnpredictableState.Alert.MissionCritical,Rule,Service Entered Unpredictable State Alert,,Severity,int,2,,
Microsoft.Windows.Client.Win10.Monitoring,Microsoft.Windows.Client.Win10.OperatingSystem.ServiceEnteredUnpredictableState.Alert.MissionCritical,Rule,Service Entered Unpredictable State Alert,,Priority,int,1,,
Microsoft.Windows.Client.Win10.Monitoring,Microsoft.Windows.Client.Win10.OperatingSystem.ServiceOrDriverFailedToStart.Alert.MissionCritical,Rule,Service Or Driver Failed To Start Alert,,Enabled,bool,false,,
Microsoft.Windows.Client.Win10.Monitoring,Microsoft.Windows.Client.Win10.OperatingSystem.ServiceOrDriverFailedToStart.Alert.MissionCritical,Rule,Service Or Driver Failed To Start Alert,,Severity,int,1,,
Microsoft.Windows.Client.Win10.Monitoring,Microsoft.Windows.Client.Win10.OperatingSystem.ServiceOrDriverFailedToStart.Alert.MissionCritical,Rule,Service Or Driver Failed To Start Alert,,Priority,int,1,,
Microsoft.Windows.Client.Win10.Monitoring,Microsoft.Windows.Client.Win10.OperatingSystem.SoftwareUpdatesInstalled.Collection,Rule,Collection Rule for Software Updates Installation Events,Collection rule for events indicating that new software updates were installed.,Enabled,bool,false,,
Microsoft.Windows.Client.Win10.Monitoring,Microsoft.Windows.Client.Win10.Processor.PercentInterruptTime.Collection,Rule,Processor % Interrupt Time,Collects the performance counter Processor\% Interrupt Time,Enabled,bool,false,,
Microsoft.Windows.Client.Win10.Monitoring,Microsoft.Windows.Client.Win10.Processor.PercentInterruptTime.Collection,Rule,Processor % Interrupt Time,Collects the performance counter Processor\% Interrupt Time,Tolerance,double,2,,
Microsoft.Windows.Client.Win10.Monitoring,Microsoft.Windows.Client.Win10.Processor.PercentInterruptTime.Collection,Rule,Processor % Interrupt Time,Collects the performance counter Processor\% Interrupt Time,MaximumSampleSeparation,int,4,,
Microsoft.Windows.Client.Win10.Monitoring,Microsoft.Windows.Client.Win10.Processor.PercentInterruptTime.Collection,Rule,Processor % Interrupt Time,Collects the performance counter Processor\% Interrupt Time,Frequency,int,900,,
Microsoft.Windows.Client.Win10.Monitoring,Microsoft.Windows.Client.Win10.OperatingSystem.RebootFromBugCheck.Collection,Rule,Collection Rule for Windows Restart Events (restarted from bugcheck),Collection rule for events indicating Windows restarted from bugcheck,Enabled,bool,false,,
Microsoft.Windows.Client.Win10.Monitoring,Microsoft.Windows.Client.Win10.Computer.ApplicationIncompatibility.Rule,Rule,Application Incompatibility Rule,,Enabled,bool,false,,
Microsoft.Windows.Client.Win10.Monitoring,Microsoft.Windows.Client.Win10.OperatingSystem.RestartEvent.Collection,Rule,Collection Rule for Windows Restarted Events,This rule collects events indicating Windows has restarted,Enabled,bool,false,,
Microsoft.Windows.Client.Win10.Monitoring,Microsoft.Windows.Client.Win10.OperatingSystem.EventLogFull.Alert,Rule,The Event Log File is Full,The event log file is full.,Enabled,bool,false,,
Microsoft.Windows.Client.Win10.Monitoring,Microsoft.Windows.Client.Win10.OperatingSystem.CleanShutdown.Collection,Rule,Collection Rule for Windows Clean Restart Events,This rule collects the events indicating a clean Windows restart.,Enabled,bool,false,,
Microsoft.Windows.Client.Win10.Monitoring,Microsoft.Windows.Client.Win10.OperatingSystem.SoftwareUpdatesScheduledForInstallation.Collection,Rule,Collection Rule for Software Updates Scheduled Installation Events,Collection rule for events indicating new software updates are scheduled.,Enabled,bool,false,,
Microsoft.Windows.Client.Win10.Monitoring,Microsoft.Windows.Client.Win10.Computer.MemoryFailureTestCancelled.Rule,Rule,Memory Failure Test Cancelled Rule,,Enabled,bool,false,,
Microsoft.Windows.Client.Win10.Monitoring,Microsoft.Windows.Client.Win10.NetworkAdapter.NetworkAdapterDisconnected.Alert,Rule,Network Adapter Disconnected,Network adapter is disconnected from the network,Enabled,bool,false,,
Microsoft.Windows.Client.Win10.Monitoring,Microsoft.Windows.Client.Win10.PhysicalDisk.AvgDiskSecPerRead,UnitMonitor,Physical Disk - Average Disk Seconds Per Read,Monitors the average seconds per read operation to disk.,Enabled,bool,true,,
Microsoft.Windows.Client.Win10.Monitoring,Microsoft.Windows.Client.Win10.PhysicalDisk.AvgDiskSecPerRead,UnitMonitor,Physical Disk - Average Disk Seconds Per Read,Monitors the average seconds per read operation to disk.,Threshold,double,50,,
Microsoft.Windows.Client.Win10.Monitoring,Microsoft.Windows.Client.Win10.PhysicalDisk.AvgDiskSecPerRead,UnitMonitor,Physical Disk - Average Disk Seconds Per Read,Monitors the average seconds per read operation to disk.,Frequency,int,60,,
Microsoft.Windows.Client.Win10.Monitoring,Microsoft.Windows.Client.Win10.LogicalDisk.AvgDiskSecPerRead,UnitMonitor,Logical Disk - Average Disk Seconds Per Read,Monitor the performance counter LogicalDisk\Avg Disk Sec Per Read,Enabled,bool,true,,
Microsoft.Windows.Client.Win10.Monitoring,Microsoft.Windows.Client.Win10.LogicalDisk.AvgDiskSecPerRead,UnitMonitor,Logical Disk - Average Disk Seconds Per Read,Monitor the performance counter LogicalDisk\Avg Disk Sec Per Read,Threshold,double,50,,
Microsoft.Windows.Client.Win10.Monitoring,Microsoft.Windows.Client.Win10.LogicalDisk.AvgDiskSecPerRead,UnitMonitor,Logical Disk - Average Disk Seconds Per Read,Monitor the performance counter LogicalDisk\Avg Disk Sec Per Read,Frequency,int,60,,
Microsoft.Windows.Client.Win10.Monitoring,Microsoft.Windows.Client.Win10.Computer.MemoryExhaustion.Monitor,UnitMonitor,Monitor for memory exhaustion failure operational conditions,This monitors checks if event id 1003 is being raised by Microsoft-Windows-Resource-Exhaustion-Detector provider in Windows 10 to shows that a memory exhaustion failure occurs in the OS.,Enabled,bool,true,,
Microsoft.Windows.Client.Win10.Monitoring,Microsoft.Windows.Client.Win10.Computer.DiskCorruptionRepairSucceededNoReboot.Monitor,UnitMonitor,Monitor for disk corruption file repair succeeded no reboot required operational conditions,This monitors checks if event id 7 is being raised by Microsoft-Windows-CorruptedFileRecovery-Server provider in Windows 10 to shows that a disk corruption repair succeeded no reboot required occurs in the OS.,Enabled,bool,true,,
Microsoft.Windows.Client.Win10.Monitoring,Microsoft.Windows.Client.Win10.PhysicalDisk.AvgDiskSecPerWrite,UnitMonitor,Physical Disk - Average Disk Seconds Per Write,Monitors the disk write latency (average disk seconds per write),Enabled,bool,true,,
Microsoft.Windows.Client.Win10.Monitoring,Microsoft.Windows.Client.Win10.PhysicalDisk.AvgDiskSecPerWrite,UnitMonitor,Physical Disk - Average Disk Seconds Per Write,Monitors the disk write latency (average disk seconds per write),Threshold,double,50,,
Microsoft.Windows.Client.Win10.Monitoring,Microsoft.Windows.Client.Win10.PhysicalDisk.AvgDiskSecPerWrite,UnitMonitor,Physical Disk - Average Disk Seconds Per Write,Monitors the disk write latency (average disk seconds per write),Frequency,int,60,,
Microsoft.Windows.Client.Win10.Monitoring,Microsoft.Windows.Client.Win10.OperatingSystem.PercentCommittedBytesInUse,UnitMonitor,Percentage of Committed Memory in Use,Monitor the performance counter Memory\% Committed Bytes in Use,Enabled,bool,true,,
Microsoft.Windows.Client.Win10.Monitoring,Microsoft.Windows.Client.Win10.OperatingSystem.PercentCommittedBytesInUse,UnitMonitor,Percentage of Committed Memory in Use,Monitor the performance counter Memory\% Committed Bytes in Use,Threshold,double,80,,
Microsoft.Windows.Client.Win10.Monitoring,Microsoft.Windows.Client.Win10.OperatingSystem.PercentCommittedBytesInUse,UnitMonitor,Percentage of Committed Memory in Use,Monitor the performance counter Memory\% Committed Bytes in Use,Frequency,int,120,,
Microsoft.Windows.Client.Win10.Monitoring,Microsoft.Windows.Client.Win10.LogicalDisk.FreeSpace,UnitMonitor,Logical Disk Free Space,Monitor the percentage free space and number of free MBytes remaining on a logical disk. Only when both the low percentage free space threshold and low number of free MBytes threshold is the disk flagged as having low disk free space.,Enabled,bool,true,,
Microsoft.Windows.Client.Win10.Monitoring,Microsoft.Windows.Client.Win10.LogicalDisk.FreeSpace,UnitMonitor,Logical Disk Free Space,Monitor the percentage free space and number of free MBytes remaining on a logical disk. Only when both the low percentage free space threshold and low number of free MBytes threshold is the disk flagged as having low disk free space.,TimeoutSeconds,int,360,,
Microsoft.Windows.Client.Win10.Monitoring,Microsoft.Windows.Client.Win10.LogicalDisk.FreeSpace,UnitMonitor,Logical Disk Free Space,Monitor the percentage free space and number of free MBytes remaining on a logical disk. Only when both the low percentage free space threshold and low number of free MBytes threshold is the disk flagged as having low disk free space.,SystemDriveErrorMBytesThreshold,double,100,,
Microsoft.Windows.Client.Win10.Monitoring,Microsoft.Windows.Client.Win10.LogicalDisk.FreeSpace,UnitMonitor,Logical Disk Free Space,Monitor the percentage free space and number of free MBytes remaining on a logical disk. Only when both the low percentage free space threshold and low number of free MBytes threshold is the disk flagged as having low disk free space.,NonSystemDriveWarningPercentThreshold,double,10,,
Microsoft.Windows.Client.Win10.Monitoring,Microsoft.Windows.Client.Win10.LogicalDisk.FreeSpace,UnitMonitor,Logical Disk Free Space,Monitor the percentage free space and number of free MBytes remaining on a logical disk. Only when both the low percentage free space threshold and low number of free MBytes threshold is the disk flagged as having low disk free space.,SystemDriveWarningMBytesThreshold,double,200,,
Microsoft.Windows.Client.Win10.Monitoring,Microsoft.Windows.Client.Win10.LogicalDisk.FreeSpace,UnitMonitor,Logical Disk Free Space,Monitor the percentage free space and number of free MBytes remaining on a logical disk. Only when both the low percentage free space threshold and low number of free MBytes threshold is the disk flagged as having low disk free space.,NonSystemDriveErrorPercentThreshold,double,5,,
Microsoft.Windows.Client.Win10.Monitoring,Microsoft.Windows.Client.Win10.LogicalDisk.FreeSpace,UnitMonitor,Logical Disk Free Space,Monitor the percentage free space and number of free MBytes remaining on a logical disk. Only when both the low percentage free space threshold and low number of free MBytes threshold is the disk flagged as having low disk free space.,SystemDriveWarningPercentThreshold,double,10,,
Microsoft.Windows.Client.Win10.Monitoring,Microsoft.Windows.Client.Win10.LogicalDisk.FreeSpace,UnitMonitor,Logical Disk Free Space,Monitor the percentage free space and number of free MBytes remaining on a logical disk. Only when both the low percentage free space threshold and low number of free MBytes threshold is the disk flagged as having low disk free space.,NonSystemDriveWarningMBytesThreshold,double,2000,,
Microsoft.Windows.Client.Win10.Monitoring,Microsoft.Windows.Client.Win10.LogicalDisk.FreeSpace,UnitMonitor,Logical Disk Free Space,Monitor the percentage free space and number of free MBytes remaining on a logical disk. Only when both the low percentage free space threshold and low number of free MBytes threshold is the disk flagged as having low disk free space.,NonSystemDriveErrorMBytesThreshold,double,1000,,
Microsoft.Windows.Client.Win10.Monitoring,Microsoft.Windows.Client.Win10.LogicalDisk.FreeSpace,UnitMonitor,Logical Disk Free Space,Monitor the percentage free space and number of free MBytes remaining on a logical disk. Only when both the low percentage free space threshold and low number of free MBytes threshold is the disk flagged as having low disk free space.,SystemDriveErrorPercentThreshold,double,5,,
Microsoft.Windows.Client.Win10.Monitoring,Microsoft.Windows.Client.Win10.LogicalDisk.FreeSpace,UnitMonitor,Logical Disk Free Space,Monitor the percentage free space and number of free MBytes remaining on a logical disk. Only when both the low percentage free space threshold and low number of free MBytes threshold is the disk flagged as having low disk free space.,DebugFlag,bool,false,,
Microsoft.Windows.Client.Win10.Monitoring,Microsoft.Windows.Client.Win10.LogicalDisk.FreeSpace,UnitMonitor,Logical Disk Free Space,Monitor the percentage free space and number of free MBytes remaining on a logical disk. Only when both the low percentage free space threshold and low number of free MBytes threshold is the disk flagged as having low disk free space.,IntervalSeconds,int,3600,,
Microsoft.Windows.Client.Win10.Monitoring,Microsoft.Windows.Client.Win10.Computer.DiskCorruptionRepairSucceededNeedReboot.Monitor,UnitMonitor,Monitor for disk corruption file repair succeeded reboot required operational conditions,This monitors checks if event id 8 is being raised by Microsoft-Windows-CorruptedFileRecovery-Server provider in Windows 10 to shows that a disk corruption repair succeeded reboot required occurs in the OS.,Enabled,bool,true,,
Microsoft.Windows.Client.Win10.Monitoring,Microsoft.Windows.Client.Win10.Computer.ApplicationIncompatibility.Monitor,UnitMonitor,Monitor for application incompatibility operational conditions,This monitors checks if event id 1 is being raised by Microsoft-Windows-ApplicationExperienceInfrastructure provider in Windows 10 to shows that an application is not compatible with the OS.,Enabled,bool,true,,
Microsoft.Windows.Client.Win10.Monitoring,Microsoft.Windows.Client.Win10.OperatingSystem.TotalCPUUtilization,UnitMonitor,Total CPU Utilization Percentage,Monitors the total CPU utilization of this server by correlating the Processor\% Processor Time\_Total and the System\Processor Queue Length performance counters.,Enabled,bool,true,,
Microsoft.Windows.Client.Win10.Monitoring,Microsoft.Windows.Client.Win10.OperatingSystem.TotalCPUUtilization,UnitMonitor,Total CPU Utilization Percentage,Monitors the total CPU utilization of this server by correlating the Processor\% Processor Time\_Total and the System\Processor Queue Length performance counters.,CPUQueueLengthThreshold,int,15,,
Microsoft.Windows.Client.Win10.Monitoring,Microsoft.Windows.Client.Win10.OperatingSystem.TotalCPUUtilization,UnitMonitor,Total CPU Utilization Percentage,Monitors the total CPU utilization of this server by correlating the Processor\% Processor Time\_Total and the System\Processor Queue Length performance counters.,IntervalSeconds,int,120,,
Microsoft.Windows.Client.Win10.Monitoring,Microsoft.Windows.Client.Win10.OperatingSystem.TotalCPUUtilization,UnitMonitor,Total CPU Utilization Percentage,Monitors the total CPU utilization of this server by correlating the Processor\% Processor Time\_Total and the System\Processor Queue Length performance counters.,TimeoutSeconds,int,360,,
Microsoft.Windows.Client.Win10.Monitoring,Microsoft.Windows.Client.Win10.OperatingSystem.TotalCPUUtilization,UnitMonitor,Total CPU Utilization Percentage,Monitors the total CPU utilization of this server by correlating the Processor\% Processor Time\_Total and the System\Processor Queue Length performance counters.,CPUPercentageThreshold,int,95,,
Microsoft.Windows.Client.Win10.Monitoring,Microsoft.Windows.Client.Win10.OperatingSystem.TotalCPUUtilization,UnitMonitor,Total CPU Utilization Percentage,Monitors the total CPU utilization of this server by correlating the Processor\% Processor Time\_Total and the System\Processor Queue Length performance counters.,NumSamples,int,3,,
Microsoft.Windows.Client.Win10.Monitoring,Microsoft.Windows.Client.Win10.OperatingSystem.MemoryAvailableMBytes,UnitMonitor,Available Megabytes of Memory,Monitor the performance counter Memory\Available MBytes,Enabled,bool,true,,
Microsoft.Windows.Client.Win10.Monitoring,Microsoft.Windows.Client.Win10.OperatingSystem.MemoryAvailableMBytes,UnitMonitor,Available Megabytes of Memory,Monitor the performance counter Memory\Available MBytes,Threshold,double,10,,
Microsoft.Windows.Client.Win10.Monitoring,Microsoft.Windows.Client.Win10.OperatingSystem.MemoryAvailableMBytes,UnitMonitor,Available Megabytes of Memory,Monitor the performance counter Memory\Available MBytes,Frequency,int,120,,
Microsoft.Windows.Client.Win10.Monitoring,Microsoft.Windows.Client.Win10.OperatingSystem.ServerServiceHealth,UnitMonitor,Server Service Health,Monitors the health of the Windows service for the Server,Enabled,bool,true,,
Microsoft.Windows.Client.Win10.Monitoring,Microsoft.Windows.Client.Win10.OperatingSystem.ServerServiceHealth,UnitMonitor,Server Service Health,Monitors the health of the Windows service for the Server,CheckStartupType,string,,,
Microsoft.Windows.Client.Win10.Monitoring,Microsoft.Windows.Client.Win10.LogicalDisk.AvgDiskSecPerTransfer,UnitMonitor,Logical Disk - Average Disk Seconds Per Transfer,Monitor the performance counter LogicalDisk\Avg Disk Sec Per Transfer,Enabled,bool,true,,
Microsoft.Windows.Client.Win10.Monitoring,Microsoft.Windows.Client.Win10.LogicalDisk.AvgDiskSecPerTransfer,UnitMonitor,Logical Disk - Average Disk Seconds Per Transfer,Monitor the performance counter LogicalDisk\Avg Disk Sec Per Transfer,Threshold,double,50,,
Microsoft.Windows.Client.Win10.Monitoring,Microsoft.Windows.Client.Win10.LogicalDisk.AvgDiskSecPerTransfer,UnitMonitor,Logical Disk - Average Disk Seconds Per Transfer,Monitor the performance counter LogicalDisk\Avg Disk Sec Per Transfer,Frequency,int,60,,
Microsoft.Windows.Client.Win10.Monitoring,Microsoft.Windows.Client.Win10.Computer.DiskFailure.Monitor,UnitMonitor,Monitor for disk failure operational conditions.,This monitors checks if event id 1 is being raised by Microsoft-Windows-DiskDiagnostic provider in Windows 10 to shows that a disk failure occurs in the OS.,Enabled,bool,true,,
Microsoft.Windows.Client.Win10.Monitoring,Microsoft.Windows.Client.Win10.Computer.MemoryFailureFailureDetected.Monitor,UnitMonitor,Monitor for memory failure operational conditions,This monitors checks if event id 1102 is being raised by Microsoft-Windows-MemoryDiagnostics-Results provider in Windows 10 to shows that a memory failure occurs in the OS.,Enabled,bool,true,,
Microsoft.Windows.Client.Win10.Monitoring,Microsoft.Windows.Client.Win10.Computer.MemoryFailureTestCancelled.Monitor,UnitMonitor,Monitor for memory failure test canceled operational conditions,This monitors checks if event id 1103 is being raised by Microsoft-Windows-MemoryDiagnostics-Results provider in Windows 10 to shows that a memory failure test canceled occurs in the OS.,Enabled,bool,true,,
Microsoft.Windows.Client.Win10.Monitoring,Microsoft.Windows.Client.Win10.Processor.CPUUtilization,UnitMonitor,CPU Utilization Percentage,Monitors total CPU (processor) utilization.,Enabled,bool,true,,
Microsoft.Windows.Client.Win10.Monitoring,Microsoft.Windows.Client.Win10.Processor.CPUUtilization,UnitMonitor,CPU Utilization Percentage,Monitors total CPU (processor) utilization.,Frequency,int,120,,
Microsoft.Windows.Client.Win10.Monitoring,Microsoft.Windows.Client.Win10.Processor.CPUUtilization,UnitMonitor,CPU Utilization Percentage,Monitors total CPU (processor) utilization.,NumSamples,int,5,,
Microsoft.Windows.Client.Win10.Monitoring,Microsoft.Windows.Client.Win10.Processor.CPUUtilization,UnitMonitor,CPU Utilization Percentage,Monitors total CPU (processor) utilization.,Threshold,double,95,,
Microsoft.Windows.Client.Win10.Monitoring,Microsoft.Windows.Client.Win10.OperatingSystem.ServerServiceConfiguration,UnitMonitor,Server Service Configuration Health,Server Service Configuration Health,Enabled,bool,true,,
Microsoft.Windows.Client.Win10.Monitoring,Microsoft.Windows.Client.Win10.Computer.DiskCorruptionFailed.Monitor,UnitMonitor,Monitor for disk corruption failed operational conditions,This monitors checks if event id 10 is being raised by Microsoft-Windows-CorruptedFileRecovery-Server provider in Windows 10 to shows that a disk corruption failed occurs in the OS.,Enabled,bool,true,,
Microsoft.Windows.Client.Win10.Monitoring,Microsoft.Windows.Client.Win10.PhysicalDisk.AvgDiskSecPerTransfer,UnitMonitor,Physical Disk - Average Disk Seconds Per Transfer,Monitors the disk read and write latency (average disk seconds per transfer).,Enabled,bool,true,,
Microsoft.Windows.Client.Win10.Monitoring,Microsoft.Windows.Client.Win10.PhysicalDisk.AvgDiskSecPerTransfer,UnitMonitor,Physical Disk - Average Disk Seconds Per Transfer,Monitors the disk read and write latency (average disk seconds per transfer).,Threshold,double,50,,
Microsoft.Windows.Client.Win10.Monitoring,Microsoft.Windows.Client.Win10.PhysicalDisk.AvgDiskSecPerTransfer,UnitMonitor,Physical Disk - Average Disk Seconds Per Transfer,Monitors the disk read and write latency (average disk seconds per transfer).,Frequency,int,60,,
Microsoft.Windows.Client.Win10.Monitoring,Microsoft.Windows.Client.Win10.LogicalDisk.AvgDiskSecPerWrite,UnitMonitor,Logical Disk - Average Disk Seconds Per Write,Monitor the performance counter LogicalDisk\Avg Disk Sec Per Write,Enabled,bool,true,,
Microsoft.Windows.Client.Win10.Monitoring,Microsoft.Windows.Client.Win10.LogicalDisk.AvgDiskSecPerWrite,UnitMonitor,Logical Disk - Average Disk Seconds Per Write,Monitor the performance counter LogicalDisk\Avg Disk Sec Per Write,Threshold,double,50,,
Microsoft.Windows.Client.Win10.Monitoring,Microsoft.Windows.Client.Win10.LogicalDisk.AvgDiskSecPerWrite,UnitMonitor,Logical Disk - Average Disk Seconds Per Write,Monitor the performance counter LogicalDisk\Avg Disk Sec Per Write,Frequency,int,60,,
Microsoft.Windows.Client.Win10.Monitoring,Microsoft.Windows.Client.Win10.Processor.PercentDPCTime,UnitMonitor,CPU DPC Time Percentage,Monitors the Percent DPC Time,Enabled,bool,true,,
Microsoft.Windows.Client.Win10.Monitoring,Microsoft.Windows.Client.Win10.Processor.PercentDPCTime,UnitMonitor,CPU DPC Time Percentage,Monitors the Percent DPC Time,Frequency,int,120,,
Microsoft.Windows.Client.Win10.Monitoring,Microsoft.Windows.Client.Win10.Processor.PercentDPCTime,UnitMonitor,CPU DPC Time Percentage,Monitors the Percent DPC Time,NumSamples,int,5,,
Microsoft.Windows.Client.Win10.Monitoring,Microsoft.Windows.Client.Win10.Processor.PercentDPCTime,UnitMonitor,CPU DPC Time Percentage,Monitors the Percent DPC Time,Threshold,double,15,,
Microsoft.Windows.Client.Win10.Monitoring,Microsoft.Windows.Client.Win10.OperatingSystem.TotalDPCTime,UnitMonitor,Total DPC Time Percentage,Monitors the DPC Time Percentage.,Enabled,bool,true,,
Microsoft.Windows.Client.Win10.Monitoring,Microsoft.Windows.Client.Win10.OperatingSystem.TotalDPCTime,UnitMonitor,Total DPC Time Percentage,Monitors the DPC Time Percentage.,Threshold,double,95,,
Microsoft.Windows.Client.Win10.Monitoring,Microsoft.Windows.Client.Win10.OperatingSystem.TotalDPCTime,UnitMonitor,Total DPC Time Percentage,Monitors the DPC Time Percentage.,Frequency,int,120,,
Microsoft.Windows.Client.Win10.Monitoring,Microsoft.Windows.Client.Win10.OperatingSystem.ComputerbrowserServiceHealth,UnitMonitor,Computer Browser Service Health,Monitors the health of the Windows service for the Computer Browser,Enabled,bool,true,,
Microsoft.Windows.Client.Win10.Monitoring,Microsoft.Windows.Client.Win10.OperatingSystem.ComputerbrowserServiceHealth,UnitMonitor,Computer Browser Service Health,Monitors the health of the Windows service for the Computer Browser,CheckStartupType,string,,,
Microsoft.Windows.Client.Win10.Monitoring,Microsoft.Windows.Client.Win10.Computer.MemoryFailureTestFailed.Monitor,UnitMonitor,Monitor for memory failure test failed operational conditions,This monitors checks if event id 1104 is being raised by Microsoft-Windows-MemoryDiagnostics-Results provider in Windows 10 to shows that a memory failure test failed occurs in the OS.,Enabled,bool,true,,
Microsoft.Windows.Client.Win10.Monitoring,Microsoft.Windows.Client.Win10.LogicalDisk.AvailabilityHealth,UnitMonitor,Logical Disk Availability,Monitors the availability of this logical disk.,Enabled,bool,true,,
Microsoft.Windows.Client.Win10.Monitoring,Microsoft.Windows.Client.Win10.LogicalDisk.AvailabilityHealth,UnitMonitor,Logical Disk Availability,Monitors the availability of this logical disk.,TimeoutSeconds,int,360,,
Microsoft.Windows.Client.Win10.Monitoring,Microsoft.Windows.Client.Win10.LogicalDisk.AvailabilityHealth,UnitMonitor,Logical Disk Availability,Monitors the availability of this logical disk.,IntervalSeconds,int,300,,
Microsoft.Windows.Client.Win10.Monitoring,Microsoft.Windows.Client.Win10.OperatingSystem.EventLogServiceHealth,UnitMonitor,Windows Event Log Service Health,Monitors the health of the Windows service for the Windows Event Log,Enabled,bool,true,,
Microsoft.Windows.Client.Win10.Monitoring,Microsoft.Windows.Client.Win10.OperatingSystem.EventLogServiceHealth,UnitMonitor,Windows Event Log Service Health,Monitors the health of the Windows service for the Windows Event Log,CheckStartupType,string,,,
Microsoft.Windows.Client.Win10.Monitoring,Microsoft.Windows.Client.Win10.OperatingSystem.TotalPercentInterruptTime,UnitMonitor,Total Percentage Interrupt Time,Monitors the Percentage Interrupt Time,Enabled,bool,true,,
Microsoft.Windows.Client.Win10.Monitoring,Microsoft.Windows.Client.Win10.OperatingSystem.TotalPercentInterruptTime,UnitMonitor,Total Percentage Interrupt Time,Monitors the Percentage Interrupt Time,Threshold,double,10,,
Microsoft.Windows.Client.Win10.Monitoring,Microsoft.Windows.Client.Win10.OperatingSystem.TotalPercentInterruptTime,UnitMonitor,Total Percentage Interrupt Time,Monitors the Percentage Interrupt Time,Frequency,int,120,,
Microsoft.Windows.Client.Win10.Monitoring,Microsoft.Windows.Client.Win10.OperatingSystem.RPCServiceHealth,UnitMonitor,RPC Service Health,Monitors the health of the Windows service for RPC,Enabled,bool,true,,
Microsoft.Windows.Client.Win10.Monitoring,Microsoft.Windows.Client.Win10.OperatingSystem.RPCServiceHealth,UnitMonitor,RPC Service Health,Monitors the health of the Windows service for RPC,CheckStartupType,string,,,
Microsoft.Windows.Client.Win10.Monitoring,Microsoft.Windows.Client.Win10.Processor.PercentInterruptTime,UnitMonitor,CPU Percentage Interrupt Time,Monitors the CPU Percentage Interrupt Time,Enabled,bool,true,,
Microsoft.Windows.Client.Win10.Monitoring,Microsoft.Windows.Client.Win10.Processor.PercentInterruptTime,UnitMonitor,CPU Percentage Interrupt Time,Monitors the CPU Percentage Interrupt Time,Frequency,int,120,,
Microsoft.Windows.Client.Win10.Monitoring,Microsoft.Windows.Client.Win10.Processor.PercentInterruptTime,UnitMonitor,CPU Percentage Interrupt Time,Monitors the CPU Percentage Interrupt Time,NumSamples,int,5,,
Microsoft.Windows.Client.Win10.Monitoring,Microsoft.Windows.Client.Win10.Processor.PercentInterruptTime,UnitMonitor,CPU Percentage Interrupt Time,Monitors the CPU Percentage Interrupt Time,Threshold,double,10,,
Microsoft.Windows.Client.Win10.Monitoring,Microsoft.Windows.Client.Win10.OperatingSystem.WorkstationServiceHealth,UnitMonitor,Workstation Service Health,Monitors the health of the Workstation service,Enabled,bool,true,,
Microsoft.Windows.Client.Win10.Monitoring,Microsoft.Windows.Client.Win10.OperatingSystem.WorkstationServiceHealth,UnitMonitor,Workstation Service Health,Monitors the health of the Workstation service,CheckStartupType,string,,,
Microsoft.Windows.Client.Win10.Monitoring,Microsoft.Windows.Client.Win10.OperatingSystem.DNSClientServiceHealth,UnitMonitor,DNS Client Service Health,Monitors the health of the Windows service for the DNS Client,Enabled,bool,true,,
Microsoft.Windows.Client.Win10.Monitoring,Microsoft.Windows.Client.Win10.OperatingSystem.DNSClientServiceHealth,UnitMonitor,DNS Client Service Health,Monitors the health of the Windows service for the DNS Client,CheckStartupType,string,,,
Microsoft.Windows.Client.Win10.Monitoring,Microsoft.Windows.Client.Win10.NetworkAdapter.NetworkAdapterConnectionHealth,UnitMonitor,Network Adapter Connection Health,Monitors the network adapter connection's health.,Enabled,bool,false,,
Microsoft.Windows.Client.Win10.Monitoring,Microsoft.Windows.Client.Win10.Computer.DiskCorruptionFileSkipped.Monitor,UnitMonitor,Monitor for disk corruption file skipped operational conditions,This monitors checks if event id 1 is being raised by Microsoft-Windows-CorruptedFileRecovery-Server provider in Windows 10 to shows that a disk corruption file skipped occurs in the OS.,Enabled,bool,true,,
Microsoft.Windows.Client.Win10.Monitoring,Microsoft.Windows.Client.Win10.OperatingSystem.TCPIPNetBiosHelperBrowserServiceHealth,UnitMonitor,TCP/IP NetBIOS Service Health,Monitors the health of the Windows service for TCP/IP NetBIOS,Enabled,bool,true,,
Microsoft.Windows.Client.Win10.Monitoring,Microsoft.Windows.Client.Win10.OperatingSystem.TCPIPNetBiosHelperBrowserServiceHealth,UnitMonitor,TCP/IP NetBIOS Service Health,Monitors the health of the Windows service for TCP/IP NetBIOS,CheckStartupType,string,,,
Microsoft.Windows.Client.Win10.Monitoring,Microsoft.Windows.Client.Win10.Computer.DiskCorruptionRepairFailed.Monitor,UnitMonitor,Monitor for disk corruption repair failed operational conditions,This monitors checks if event id 6 is being raised by Microsoft-Windows-CorruptedFileRecovery-Server provider in Windows 10 to shows that a disk corruption repair failed occurs in the OS.,Enabled,bool,true,,
Microsoft.Windows.Client.Win10.Monitoring,Microsoft.Windows.Client.Win10.OperatingSystem.DHCPClientServiceHealth,UnitMonitor,DHCP Client Service Health,Monitors the health of the Windows service for the DHCP Client,Enabled,bool,true,,
Microsoft.Windows.Client.Win10.Monitoring,Microsoft.Windows.Client.Win10.OperatingSystem.DHCPClientServiceHealth,UnitMonitor,DHCP Client Service Health,Monitors the health of the Windows service for the DHCP Client,CheckStartupType,string,,,
Microsoft.Windows.Client.Win10.Monitoring,Microsoft.Windows.Client.Win10.OperatingSystem.PlugandPlayServiceHealth,UnitMonitor,Plug and Play Service Health,Monitors the health of the Windows service for Plug and Play,Enabled,bool,true,,
Microsoft.Windows.Client.Win10.Monitoring,Microsoft.Windows.Client.Win10.OperatingSystem.PlugandPlayServiceHealth,UnitMonitor,Plug and Play Service Health,Monitors the health of the Windows service for Plug and Play,CheckStartupType,string,,,
